dataset,cluster_id,pred_template_id,pred_template_normalized,cluster_size,distinct_gt,top_gt,top_gt_count,purity,sample_line,top_gt_counts
Apache,apache#3,apache#3,jk2_init() Found child <*> in scoreboard slot <*>,836,1,E1,836,1.0000,3,E1:836
BGL,bgl#5,bgl#5,KERNEL INFO generating core.<*>,721,1,E67,721,1.0000,12,E67:721
Apache,apache#1,apache#1,workerEnv.init() ok <*>,569,1,E2,569,1.0000,1,E2:569
Apache,apache#2,apache#2,mod_jk child workerEnv in error state <*>,539,1,E3,539,1.0000,2,E3:539
Hadoop,hadoop#101,hadoop#101,Address change detected. Old: <*> New: <*>,476,1,E10,476,1.0000,848,E10:476
HPC,hpc#33,hpc#33,switch_module error <*> <*> Linkerror event interval expired,394,1,E26,394,1.0000,1457,E26:394
Hadoop,hadoop#102,hadoop#102,Failed to renew lease for [<*>] for <*> seconds. Will retry shortly ...,326,1,E44,326,1.0000,849,E44:326
HDFS,hdfs#2,hdfs#2,BLOCK* NameSystem.addStoredBlock: blockMap updated: <*> is added to <*> size <*>,314,1,E6,314,1.0000,3,E6:314
HDFS,hdfs#1,hdfs#1,PacketResponder <*> for block <*> terminating,311,1,E10,311,1.0000,1,E10:311
Linux,linux#1,linux#1,authentication failure; logname=<*> uid=<*> euid=<*> tty=<*> ruser=<*> rhost=<*>,311,3,E18,290,0.9325,4,E18:290|E17:17|E19:4
HDFS,hdfs#3,hdfs#3,Received block <*> of size <*> from /<*>,292,1,E11,292,1.0000,10,E11:292
HDFS,hdfs#4,hdfs#4,Receiving block <*> src: /<*>:<*> dest: /<*>:<*>,292,1,E13,292,1.0000,12,E13:292
HPC,hpc#28,hpc#28,temperature <*> <*>,292,1,E2,292,1.0000,717,E2:292
Hadoop,hadoop#83,hadoop#83,Progress of TaskAttempt <*> is : <*>,289,1,E80,289,1.0000,212,E80:289
HealthApp,healthapp#2,healthapp#2,onExtend:<*> <*> <*> <*>,273,1,E39,273,1.0000,2,E39:273
HDFS,hdfs#7,hdfs#7,Deleting block <*> file <*>,263,1,E9,263,1.0000,73,E9:263
HealthApp,healthapp#1,healthapp#1,onStandStepChanged <*>,260,1,E42,260,1.0000,1,E42:260
HealthApp,healthapp#6,healthapp#6,getTodayTotalDetailSteps = <*>##<*>##<*>##<*>##<*>##<*>,242,1,E22,242,1.0000,6,E22:242
HealthApp,healthapp#7,healthapp#7,setTodayTotalDetailSteps=<*>##<*>##<*>##<*>##<*>##<*>,241,1,E58,241,1.0000,7,E58:241
HealthApp,healthapp#8,healthapp#8,calculateCaloriesWithCache totalCalories=<*>,241,1,E4,241,1.0000,9,E4:241
HealthApp,healthapp#9,healthapp#9,calculateAltitudeWithCache totalAltitude=<*>,241,1,E3,241,1.0000,10,E3:241
HDFS,hdfs#10,hdfs#10,BLOCK* NameSystem.delete: <*> is added to invalidSet of <*>:<*>,224,1,E8,224,1.0000,292,E8:224
BGL,bgl#87,bgl#87,KERNEL INFO iar <*> dear <*>,208,1,E70,208,1.0000,1283,E70:208
HPC,hpc#26,hpc#26,gige temperature <*> <*> normal,206,1,E31,206,1.0000,711,E31:206
HPC,hpc#27,hpc#27,gige temperature <*> <*> warning,205,1,E46,205,1.0000,713,E46:205
HealthApp,healthapp#4,healthapp#4,processHandleBroadcastAction action:<*>,161,2,E44,144,0.8944,4,E44:144|E43:17
Hadoop,hadoop#108,hadoop#108,Retrying connect to server: <*>. Already tried <*> time(s); retry policy is <*>,146,1,E91,146,1.0000,930,E91:146
HPC,hpc#25,hpc#25,status <*> <*> <*>,143,4,E38,133,0.9301,385,E38:133|E1:5|E20:4|E33:1
HPC,hpc#4,hpc#4,start <*> <*> <*> (command <*>),141,6,E4,67,0.4752,13,E4:67|E45:66|E19:3|E8:2|E6:2|E36:1
HealthApp,healthapp#10,healthapp#10,REPORT : <*> <*> <*> <*>,136,1,E47,136,1.0000,11,E47:136
Hadoop,hadoop#61,hadoop#61,"Recalculating schedule, headroom=<*>",131,1,E83,131,1.0000,111,E83:131
Hadoop,hadoop#62,hadoop#62,Reduce slow start threshold not met. completedMapsForReduceSlowstart <*>,130,1,E85,130,1.0000,112,E85:130
Linux,linux#4,linux#4,session closed for user <*>,123,1,E101,123,1.0000,15,E101:123
Linux,linux#3,linux#3,session opened for user <*> by (uid=<*>),122,1,E102,122,1.0000,14,E102:122
BGL,bgl#73,bgl#73,KERNEL INFO <*> floating point alignment exceptions,121,1,E4,121,1.0000,1033,E4:121
Linux,linux#2,linux#2,check pass; user unknown,117,1,E27,117,1.0000,2,E27:117
HDFS,hdfs#5,hdfs#5,BLOCK* NameSystem.allocateBlock: <*>,115,1,E7,115,1.0000,16,E7:115
BGL,bgl#2,bgl#2,KERNEL INFO <*> double-hummer alignment exceptions,109,1,E3,109,1.0000,5,E3:109
BGL,bgl#3,bgl#3,"KERNEL INFO CE sym <*>, at <*>, mask <*>",92,1,E18,92,1.0000,8,E18:92
HPC,hpc#24,hpc#24,status <*> <*> configured out,91,1,E14,91,1.0000,384,E14:91
HPC,hpc#38,hpc#38,net.niff.up <*> <*> NIFF: node <*> has detected an available network connection on network <*> via interface <*>,91,3,E29,45,0.4945,1910,E29:45|E28:44|E30:2
HDFS,hdfs#8,hdfs#8,<*>:<*> Served block <*> to /<*>,80,1,E1,80,1.0000,74,E1:80
HDFS,hdfs#9,hdfs#9,<*>:<*>:Got exception while serving <*> to /<*>:,80,1,E3,80,1.0000,78,E3:80
HPC,hpc#15,hpc#15,switch_module fan <*> <*> <*>,79,1,E17,79,1.0000,215,E17:79
BGL,bgl#135,bgl#135,"KERNEL INFO <*> total interrupts. <*> critical input interrupts. <*> microseconds total spent on critical input interrupts, <*> microseconds max time in a critical input interrupt.",71,1,E12,71,1.0000,1810,E12:71
Mac,mac#224,mac#224,Cocoa scripting error for '<*>': four character codes must be four characters long.,71,1,E188,71,1.0000,1057,E188:71
Linux,linux#6,linux#6,authentication failure; logname=<*> uid=<*> euid=<*> tty=<*> ruser=<*> rhost=<*>,61,1,E18,61,1.0000,199,E18:61
BGL,bgl#10,bgl#10,KERNEL FATAL data TLB error interrupt,60,1,E55,60,1.0000,104,E55:60
HPC,hpc#23,hpc#23,status <*> <*> not responding,60,1,E32,60,1.0000,382,E32:60
HPC,hpc#37,hpc#37,switch_module error <*> <*> link errors remain current,56,1,E23,56,1.0000,1854,E23:56
Mac,mac#13,mac#13,AppleCamIn::systemWakeCall - messageType = <*>,56,1,E120,56,1.0000,14,E120:56
BGL,bgl#134,bgl#134,KERNEL INFO <*> microseconds spent in the rbs signal handler during <*> calls. <*> microseconds was the maximum time for a single instance of a correctable ddr.,51,1,E7,51,1.0000,1807,E7:51
Mac,mac#160,mac#160,CCFile::captureLog,48,2,E172,31,0.6458,489,E172:31|E167:17
HPC,hpc#22,hpc#22,partition status <*> <*> <*>,46,4,E38,29,0.6304,371,E38:29|E3:15|E41:1|E7:1
Mac,mac#15,mac#15,"com.apple.icloud.fmfd.heartbeat: scheduler_evaluate_activity told me to run this job; however, but the start time isn't for <*> seconds. Ignoring.",45,1,E189,45,1.0000,16,E189:45
Mac,mac#70,mac#70,dnssd_clientstub ConnectToServer: connect()-> No of tries: <*>,44,1,E203,44,1.0000,132,E203:44
Linux,linux#5,linux#5,ALERT exited abnormally with [<*>],43,1,E8,43,1.0000,16,E8:43
BGL,bgl#1,bgl#1,KERNEL INFO instruction cache parity error corrected,42,1,E77,42,1.0000,1,E77:42
Hadoop,hadoop#53,hadoop#53,Resolved <*> to <*>,39,1,E90,39,1.0000,64,E90:39
Mac,mac#2,mac#2,Thermal pressure state: <*> Memory pressure state: <*>,39,1,E323,39,1.0000,2,E323:39
Mac,mac#52,mac#52,Location icon should now be in state '<*>',37,2,E259,20,0.5405,94,E259:20|E258:17
HPC,hpc#21,hpc#21,clusterfilesystem.not_served <*> <*> ClusterFileSystem: ServerFileSystem domain <*> is no longer served by node <*>,36,1,E9,36,1.0000,335,E9:36
Mac,mac#1,mac#1,IOThunderboltSwitch<0>(0x0)::listenerCallback - Thunderbolt HPD packet for route = <*> port = <*> unplug = <*>,36,1,E252,36,1.0000,1,E252:36
BGL,bgl#78,bgl#78,MMCS ERROR idoproxydb hit ASSERT condition: ASSERT expression=<*> Source file=<*> Source line=<*> Function=<*>,35,1,E74,35,1.0000,1208,E74:35
Mac,mac#18,mac#18,"com.apple.Safari.SafeBrowsing.Update: scheduler_evaluate_activity told me to run this job; however, but the start time isn't for <*> seconds. Ignoring.",35,1,E189,35,1.0000,19,E189:35
HealthApp,healthapp#3,healthapp#3,onReceive action: <*>,34,2,E41,17,0.5000,3,E41:17|E40:17
Apache,apache#4,apache#4,[client <*>] Directory index forbidden by rule: <*>,32,1,E4,32,1.0000,132,E4:32
HPC,hpc#12,hpc#12,clusterfilesystem.no_server <*> <*> ClusterFileSystem: There is no server for ServerFileSystem domain <*>,32,1,E10,32,1.0000,180,E10:32
Mac,mac#35,mac#35,"com.apple.CacheDelete.daily: scheduler_evaluate_activity told me to run this job; however, but the start time isn't for <*> seconds. Ignoring.",32,1,E189,32,1.0000,60,E189:32
BGL,bgl#12,bgl#12,KERNEL FATAL data storage interrupt,30,1,E52,30,1.0000,166,E52:30
BGL,bgl#86,bgl#86,KERNEL INFO ciod: generated <*> core files for program <*>,30,1,E34,30,1.0000,1264,E34:30
Mac,mac#27,mac#27,com.apple.Addres(<*>) deny network-outbound <*>,29,1,E52,29,1.0000,36,E52:29
Mac,mac#30,mac#30,Sandbox: com.apple.Addres(<*>) deny(<*>) network-outbound <*>,29,1,E300,29,1.0000,42,E300:29
Mac,mac#5,mac#5,ARPT: <*>: AirPort_Brcm43xx::platformWoWEnable: WWEN[<*>],28,2,E124,16,0.5714,5,E124:16|E125:12
Mac,mac#28,mac#28,ARPT: <*>: wl0: MDNS: IPV6 Addr: <*>,28,1,E142,28,1.0000,38,E142:28
Mac,mac#88,mac#88,send_datagram_available_ping: pid <*> failed to act on a ping it dequeued before timing out.,26,1,E305,26,1.0000,191,E305:26
Mac,mac#23,mac#23,"com.apple.EscrowSecurityAlert.daily: scheduler_evaluate_activity told me to run this job; however, but the start time isn't for <*> seconds. Ignoring.",24,1,E189,24,1.0000,30,E189:24
Mac,mac#135,mac#135,[<*>] <<<< Boss >>>> figPlaybackBossPrerollCompleted: unexpected preroll-complete notification,23,1,E12,23,1.0000,346,E12:23
Mac,mac#26,mac#26,CCFile::captureLogRun() Exiting CCFile::captureLogRun,22,1,E173,22,1.0000,33,E173:22
Mac,mac#31,mac#31,AppleThunderboltGenericHAL::earlyWake - complete - took <*> milliseconds,22,1,E122,22,1.0000,48,E122:22
BGL,bgl#13,bgl#13,KERNEL FATAL instruction address: <*>,20,1,E76,20,1.0000,174,E76:20
HDFS,hdfs#6,hdfs#6,Verification succeeded for <*>,20,1,E14,20,1.0000,29,E14:20
HPC,hpc#29,hpc#29,gige temperature <*> <*> critical,20,1,E15,20,1.0000,722,E15:20
Mac,mac#38,mac#38,AppleCamIn::wakeEventHandlerThread,20,1,E121,20,1.0000,67,E121:20
Mac,mac#41,mac#41,en0: channel changed to <*>,20,1,E208,20,1.0000,75,E208:20
Mac,mac#43,mac#43,"CCFile::captureLog Received Capture notice id: <*>, reason = <*>",20,4,E171,15,0.7500,77,E171:15|E169:3|E170:1|E168:1
Mac,mac#44,mac#44,IO80211AWDLPeerManager::setAwdlOperatingMode Setting the AWDL operation mode from <*> to <*>,20,2,E59,14,0.7000,79,E59:14|E60:6
Mac,mac#49,mac#49,button report: <*>,20,1,E161,20,1.0000,90,E161:20
Mac,mac#84,mac#84,-[ISGenerateImageOp generateImageWithCompletion:] Failed to composit image for descriptor <*>.,20,1,E40,20,1.0000,184,E40:20
Mac,mac#58,mac#58,"com.apple.suggestions.harvest: scheduler_evaluate_activity told me to run this job; however, but the start time isn't for <*> seconds. Ignoring.",19,1,E189,19,1.0000,106,E189:19
BGL,bgl#9,bgl#9,"KERNEL INFO <*> ddr errors(s) detected and corrected on rank <*>, symbol <*>, bit <*>",18,1,E2,18,1.0000,89,E2:18
Mac,mac#106,mac#106,tcp_connection_handle_connect_conditions_bad <*> failed: <*> - No network route,18,1,E318,18,1.0000,236,E318:18
BGL,bgl#48,bgl#48,KERNEL INFO total of <*> ddr error(s) detected and corrected,17,2,E118,13,0.7647,315,E118:13|E119:4
HealthApp,healthapp#5,healthapp#5,flush sensor data,17,1,E12,17,1.0000,5,E12:17
HealthApp,healthapp#22,healthapp#22,"new date =<*>, type=<*>,<*>,old=<*>",17,1,E37,17,1.0000,719,E37:17
Mac,mac#3,mac#3,FA||Url||taskID[<*>] dealloc,17,1,E216,17,1.0000,3,E216:17
Mac,mac#59,mac#59,-[NetworkAnalyticsEngine _writeJournalRecord:fromCellFingerprint:key:<*>:ofKind:lqm:isFaulty:] Hashing of the primary key failed. Dropping the journal record.,17,1,E44,17,1.0000,110,E44:17
Mac,mac#93,mac#93,"NETWORK: requery, <*>, <*>, <*>, <*>, <*>, items, fQueryRetries, <*>, fLastRetryTimestamp, <*>",17,1,E271,17,1.0000,209,E271:17
Mac,mac#165,mac#165,"CCFile::copyFile fileName is <*>, source path:<*>, dest path:<*>",17,1,E174,17,1.0000,504,E174:17
Mac,mac#207,mac#207,ARPT: <*>: AirPort_Brcm43xx::powerChange: System Sleep,17,1,E126,17,1.0000,713,E126:17
BGL,bgl#119,bgl#119,"KERNEL INFO ciod: Received signal <*>, code=<*>, errno=<*>, address=<*>",16,1,E41,16,1.0000,1762,E41:16
Linux,linux#32,linux#32,notify question section contains no SOA,16,1,E75,16,1.0000,1810,E75:16
Mac,mac#10,mac#10,__<*>-[NetworkAnalyticsEngine observeValueForKeyPath:ofObject:change:context:]_block_invoke unexpected switch value <*>,16,1,E50,16,1.0000,10,E50:16
Mac,mac#69,mac#69,en0: BSSID changed to <*>,16,1,E207,16,1.0000,128,E207:16
BGL,bgl#83,bgl#83,"APP FATAL ciod: Error loading <*>: invalid or missing program image, Exec format error",15,1,E25,15,1.0000,1239,E25:15
Mac,mac#11,mac#11,IO80211AWDLPeerManager::setAwdlAutoMode Resuming AWDL,15,1,E58,15,1.0000,11,E58:15
Mac,mac#22,mac#22,nw_nat64_post_new_ifstate successfully changed NAT64 ifstate from <*> to <*>,15,1,E276,15,1.0000,28,E276:15
Mac,mac#94,mac#94,Previous sleep cause: <*>,15,1,E293,15,1.0000,212,E293:15
Mac,mac#96,mac#96,AppleThunderboltNHIType2::prePCIWake - power up complete - took <*> us,15,1,E57,15,1.0000,215,E57:15
Mac,mac#115,mac#115,"Path not allowed in target domain: type = pid, path = <*> error = <*>: The specified service did not ship in the requestor's bundle, origin = <*>",15,1,E283,15,1.0000,274,E283:15
Mac,mac#133,mac#133,Received Capture Event,15,1,E294,15,1.0000,340,E294:15
Mac,mac#146,mac#146,AppleCamIn::handleWakeEvent_gated,15,1,E119,15,1.0000,405,E119:15
HPC,hpc#19,hpc#19,switch_module bcast-error <*> <*>,14,3,E21,9,0.6429,307,E21:9|E22:4|E25:1
Hadoop,hadoop#55,hadoop#55,attempt_<*> TaskAttempt Transitioned from NEW to UNASSIGNED,14,1,E17,14,1.0000,95,E17:14
Mac,mac#40,mac#40,-[UABestAppSuggestionManager notifyBestAppChanged:type:options:bundleIdentifier:activityType:dynamicIdentifier:when:confidence:deviceName:deviceIdentifier:deviceType:] (null) UASuggestedActionType=<*> (null)/(null) opts=(null) when=<*> confidence=<*> from=(null)/(null) (UABestAppSuggestionManager.m #<*>),14,1,E48,14,1.0000,74,E48:14
Mac,mac#118,mac#118,KeychainGetICDPStatus: keychain: <*>,14,1,E256,14,1.0000,280,E256:14
BGL,bgl#8,bgl#8,APP FATAL ciod: LOGIN chdir(<*>) failed: No such file or directory,13,1,E37,13,1.0000,85,E37:13
Hadoop,hadoop#74,hadoop#74,Opening proxy : <*>:<*>,13,1,E74,13,1.0000,130,E74:13
Mac,mac#29,mac#29,AirPort: Link Up on <*>,13,2,E111,9,0.6923,39,E111:9|E112:4
Mac,mac#71,mac#71,-[NETClientConnection <*>] using process name <*> as bundle ID (this is expected for daemons without bundle ID,13,2,E41,9,0.6923,135,E41:9|E42:4
Mac,mac#80,mac#80,dnssd_clientstub ConnectToServer: connect() failed path:<*> Socket:<*> Err:<*> Errno:<*> <*>,13,1,E202,13,1.0000,177,E202:13
Mac,mac#85,mac#85,Error returned from iconservicesagent: <*>,13,1,E214,13,1.0000,186,E214:13
Apache,apache#5,apache#5,jk2_init() Can't find child <*> in scoreboard,12,1,E5,12,1.0000,785,E5:12
Apache,apache#6,apache#6,mod_jk child init <*> <*>,12,1,E6,12,1.0000,796,E6:12
BGL,bgl#94,bgl#94,"APP FATAL ciod: Error loading <*>: invalid or missing program image, No such file or directory",12,1,E28,12,1.0000,1398,E28:12
HPC,hpc#20,hpc#20,fdmn.full <*> <*> ServerFileSystem: ServerFileSystem domain <*> is full,12,1,E40,12,1.0000,323,E40:12
HPC,hpc#30,hpc#30,switch_module error <*> <*> Link ok,12,1,E25,12,1.0000,1434,E25:12
Hadoop,hadoop#60,hadoop#60,"getResources() for <*>: ask=<*> release= <*> newContainers=<*> finishedContainers=<*> resourcelimit=<<*>, vCores:<*>> knownNMs=<*>",12,1,E45,12,1.0000,110,E45:12
Hadoop,hadoop#65,hadoop#65,After Scheduling: PendingReds:<*> ScheduledMaps:<*> ScheduledReds:<*> AssignedMaps:<*> AssignedReds:<*> CompletedMaps:<*> CompletedReds:<*> ContAlloc:<*> ContRel:<*> HostLocal:<*> RackLocal:<*>,12,1,E11,12,1.0000,120,E11:12
Mac,mac#4,mac#4,ARPT: <*>: AirPort_Brcm43xx::syncPowerState: WWEN[<*>],12,1,E128,12,1.0000,4,E128:12
Mac,mac#46,mac#46,"SOSAccountThisDeviceCanSyncWithCircle sync with device failure: Error Domain=<*> Code=<*> ""<*>"" UserInfo={NSDescription=<*>}",12,1,E313,12,1.0000,84,E313:12
Mac,mac#64,mac#64,"USBMSC Identifier (non-unique): <*> <*> <*> <*>, <*>",12,1,E331,12,1.0000,122,E331:12
Mac,mac#161,mac#161,ARPT: <*>: AirPort_Brcm43xx::powerChange: System Wake - Full Wake/ Dark Wake / Maintenance wake,12,1,E127,12,1.0000,493,E127:12
BGL,bgl#53,bgl#53,KERNEL INFO program interrupt,11,5,E98,3,0.2727,433,E98:3|E101:3|E103:2|E102:2|E105:1
HPC,hpc#2,hpc#2,state_change.unavailable <*> 1 Component State Change: Component \<*> is in the unavailable state (HWID=<*>),11,1,E13,11,1.0000,2,E13:11
Hadoop,hadoop#54,hadoop#54,task_<*> Task Transitioned from NEW to SCHEDULED,11,1,E102,11,1.0000,66,E102:11
Mac,mac#20,mac#20,"PM response took <*> ms (<*>, <*>)",11,3,E288,9,0.8182,23,E288:9|E290:1|E289:1
Mac,mac#24,mac#24,"IO80211AWDLPeerManager::setAwdlSuspendedMode() Suspending AWDL, enterQuietMode(true)",11,1,E61,11,1.0000,31,E61:11
Mac,mac#32,mac#32,AppleThunderboltNHIType2::waitForOk2Go2Sx - retries = <*>,11,1,E55,11,1.0000,51,E55:11
Mac,mac#53,mac#53,"ARPT: <*>: wl0: setup_keepalive: interval <*>, retry_interval <*>, retry_count <*>",11,1,E144,11,1.0000,95,E144:11
Mac,mac#73,mac#73,RTC: PowerByCalendarDate setting ignored,11,1,E296,11,1.0000,157,E296:11
Mac,mac#104,mac#104,Bluetooth -- LE is supported - Disable LE meta event,11,1,E157,11,1.0000,234,E157:11
Mac,mac#129,mac#129,[<*>] FigAgglomeratorSetObjectForKey signalled err=<*> (<*>) (<*> key) at <*> line <*>,11,1,E17,11,1.0000,332,E17:11
HPC,hpc#5,hpc#5,boot_cmd success <*> <*> Command has completed successfully,10,1,E12,10,1.0000,154,E12:10
Hadoop,hadoop#63,hadoop#63,Got allocated containers <*>,10,1,E46,10,1.0000,115,E46:10
Hadoop,hadoop#64,hadoop#64,Assigned container <*> to <*>,10,1,E13,10,1.0000,117,E13:10
Hadoop,hadoop#71,hadoop#71,attempt_<*> TaskAttempt Transitioned from UNASSIGNED to ASSIGNED,10,1,E21,10,1.0000,127,E21:10
Hadoop,hadoop#72,hadoop#72,Processing the event EventType: CONTAINER_REMOTE_LAUNCH for container <*> taskAttempt <*>,10,1,E77,10,1.0000,128,E77:10
Hadoop,hadoop#73,hadoop#73,Launching <*>,10,1,E62,10,1.0000,129,E62:10
Hadoop,hadoop#75,hadoop#75,Shuffle port returned by ContainerManager for <*> : <*>,10,1,E94,10,1.0000,131,E94:10
Hadoop,hadoop#76,hadoop#76,TaskAttempt: [<*>] using containerId: [<*> on NM: [<*>],10,1,E105,10,1.0000,132,E105:10
Hadoop,hadoop#77,hadoop#77,<*> TaskAttempt Transitioned from ASSIGNED to RUNNING,10,1,E14,10,1.0000,133,E14:10
Hadoop,hadoop#78,hadoop#78,ATTEMPT_START <*>,10,1,E22,10,1.0000,134,E22:10
Hadoop,hadoop#79,hadoop#79,task_<*> Task Transitioned from SCHEDULED to RUNNING,10,1,E104,10,1.0000,135,E104:10
Hadoop,hadoop#80,hadoop#80,Auth successful for <*> (auth:SIMPLE),10,1,E23,10,1.0000,177,E23:10
Hadoop,hadoop#81,hadoop#81,JVM with ID : <*> asked for a task,10,1,E58,10,1.0000,178,E58:10
Hadoop,hadoop#82,hadoop#82,JVM with ID: <*> given task: <*>,10,1,E59,10,1.0000,179,E59:10
Mac,mac#33,mac#33,"ARPT: <*>: wl0: wl_update_tcpkeep_seq: Updated seq/ack/win from UserClient Seq <*>, Ack <*>, Win size <*>",10,1,E150,10,1.0000,52,E150:10
Mac,mac#34,mac#34,en0::IO80211Interface::postMessage bssid changed,10,1,E56,10,1.0000,56,E56:10
Mac,mac#137,mac#137,############################## _getSysMsgList,10,1,E1,10,1.0000,361,E1:10
Mac,mac#189,mac#189,jemmytest,10,1,E253,10,1.0000,627,E253:10
Mac,mac#209,mac#209,"com.apple.SoftwareUpdate.Activity: scheduler_evaluate_activity told me to run this job; however, but the start time isn't for <*> seconds. Ignoring.",10,1,E189,10,1.0000,715,E189:10
BGL,bgl#77,bgl#77,"NULL DISCOVERY INFO Node card VPD check: U<*> node in processor card slot <*> do not match. VPD ecid <*>, found <*>",9,1,E93,9,1.0000,1204,E93:9
BGL,bgl#153,bgl#153,APP FATAL ciod: Error reading message prefix after LOAD_MESSAGE on CioStream socket to <*>:<*>: Link has been severed,9,1,E29,9,1.0000,1257,E29:9
BGL,bgl#89,bgl#89,KERNEL FATAL Lustre mount FAILED : <*> : point <*>,9,1,E81,9,1.0000,1377,E81:9
BGL,bgl#104,bgl#104,"APP FATAL ciod: Error loading <*>: invalid or missing program image, Permission denied",9,1,E26,9,1.0000,1474,E26:9
BGL,bgl#142,bgl#142,"KERNEL INFO Kernel detected <*> integer alignment exceptions (<*>) iar <*>, dear <*> (<*>) iar <*>, dear <*> (<*>) iar <*>, dear <*> (<*>) iar <*>, dear <*> (<*>) iar <*>, dear <*> (<*>) iar <*>, dear <*> (<*>) iar <*>, dear <*> (<*>) iar <*>, dear <*>",9,1,E78,9,1.0000,1935,E78:9
Mac,mac#9,mac#9,ARPT: <*>: ARPT: Wake Reason: Wake on Scan offload,9,1,E131,9,1.0000,9,E131:9
Mac,mac#12,mac#12,"ARPT: <*>: wl0: MDNS: <*> SRV Recs, <*> TXT Recs",9,1,E140,9,1.0000,13,E140:9
Mac,mac#55,mac#55,__<*>-[NETClientConnection evaluateCrazyIvan<*>]_block_invoke CI<*> - Hit by torpedo! QQ.<*> tc<*> <*>:<*>,9,1,E49,9,1.0000,100,E49:9
Mac,mac#111,mac#111,ASL Sender Statistics,9,1,E153,9,1.0000,266,E153:9
Mac,mac#121,mac#121,ARPT: <*>: wl0: leaveModulePoweredForOffloads: Wi-Fi will stay on.,9,1,E139,9,1.0000,286,E139:9
Mac,mac#124,mac#124,in6_unlink_ifa: IPv6 address <*> has no prefix,9,1,E75,9,1.0000,304,E75:9
Mac,mac#172,mac#172,CCIOReporterFormatter::refreshSubscriptionsFromStreamRegistry clearing out any previous subscriptions,9,1,E176,9,1.0000,541,E176:9
BGL,bgl#14,bgl#14,KERNEL FATAL data address: <*>,8,1,E50,8,1.0000,205,E50:8
BGL,bgl#156,bgl#156,"APP FATAL ciod: Error reading message prefix on CioStream socket to <*>:<*>, Link has been severed",8,1,E32,8,1.0000,1788,E32:8
HealthApp,healthapp#17,healthapp#17,getBinderPackageName packageName = <*>,8,1,E16,8,1.0000,709,E16:8
Mac,mac#39,mac#39,"ARPT: <*>: wl0: setup_keepalive: Local port: <*>, Remote port: <*>",8,1,E146,8,1.0000,70,E146:8
Mac,mac#45,mac#45,Unrecognized attribute value: <*>,8,1,E328,8,1.0000,80,E328:8
Mac,mac#48,mac#48,<*> : BTLE scanner Powered On,8,1,E64,8,1.0000,89,E64:8
Mac,mac#68,mac#68,[HID] [ATC] AppleDeviceManagementHIDEventService::processWakeReason Wake reason: Host (<*>),8,1,E33,8,1.0000,127,E33:8
Mac,mac#75,mac#75,"ARPT: <*>: wl0: setup_keepalive: Seq: <*>, Ack: <*>, Win size: <*>",8,1,E148,8,1.0000,166,E148:8
Mac,mac#86,mac#86,tcp_connection_tls_session_error_callback_imp <*> __tcp_connection_tls_session_callback_write_block_invoke.<*> error <*>,8,1,E319,8,1.0000,187,E319:8
Mac,mac#95,mac#95,Wake reason: <*>,8,2,E338,5,0.6250,214,E338:5|E336:3
Mac,mac#166,mac#166,ARPT: <*>: framerdy <*> bmccmd <*> framecnt <*>,8,1,E133,8,1.0000,505,E133:8
Mac,mac#169,mac#169,ARPT: <*>: wl0: setup_keepalive: Remote IP: <*>,8,1,E147,8,1.0000,519,E147:8
Mac,mac#206,mac#206,KeychainGetICDPStatus: status: <*>,8,1,E257,8,1.0000,689,E257:8
BGL,bgl#34,bgl#34,KERNEL FATAL core configuration register: <*>,7,1,E43,7,1.0000,272,E43:7
BGL,bgl#121,bgl#121,KERNEL INFO MACHINE CHECK DCR read timeout (mc=<*> iar <*> lr <*>),7,1,E82,7,1.0000,1770,E82:7
BGL,bgl#136,bgl#136,"KERNEL INFO <*> ddr error(s) detected and corrected on rank <*>, symbol <*> over <*> seconds",7,1,E1,7,1.0000,1933,E1:7
HPC,hpc#32,hpc#32,switch_module error <*> <*> Link in reset,7,1,E24,7,1.0000,1440,E24:7
Linux,linux#11,linux#11,restart.,7,1,E90,7,1.0000,146,E90:7
Mac,mac#7,mac#7,"ARPT: <*>: IOPMPowerSource Information: onSleep, SleepType: Normal Sleep, 'ExternalConnected': Yes, 'TimeRemaining': <*>,",7,1,E135,7,1.0000,7,E135:7
Mac,mac#16,mac#16,CCIOReporterFormatter::addRegistryChildToChannelDictionary streams <*>,7,1,E175,7,1.0000,17,E175:7
Mac,mac#19,mac#19,AirPort: Link Down on <*>. Reason <*> (<*>).,7,1,E109,7,1.0000,21,E109:7
Mac,mac#42,mac#42,ARPT: <*>: AQM agg results <*> len hi/lo: <*> <*> BAbitmap(0-3) <*> <*> <*> <*>,7,1,E130,7,1.0000,76,E130:7
Mac,mac#56,mac#56,"Setting BTCoex Config: enable_2G:<*>, profile_2g:<*>, enable_5G:<*>, profile_5G:<*>",7,1,E310,7,1.0000,102,E310:7
Mac,mac#107,mac#107,Captive: CNPluginHandler <*>: Authenticated,7,1,E163,7,1.0000,237,E163:7
Mac,mac#132,mac#132,ARPT: <*>: AQM agg params <*> maxlen hi/lo <*> <*> minlen <*> adjlen <*>,7,1,E129,7,1.0000,339,E129:7
Mac,mac#140,mac#140,<*> : Scanning mode Contacts Only,7,1,E70,7,1.0000,366,E70:7
BGL,bgl#59,bgl#59,NULL DISCOVERY WARNING Node card is not fully functional,6,1,E90,6,1.0000,458,E90:6
BGL,bgl#62,bgl#62,NULL DISCOVERY SEVERE Can not get assembly information for node card,6,1,E17,6,1.0000,523,E17:6
BGL,bgl#85,bgl#85,KERNEL FATAL rts: kernel terminated for reason <*>,6,1,E111,6,1.0000,1259,E111:6
BGL,bgl#108,bgl#108,KERNEL INFO data cache search parity error detected. attempting to correct,6,1,E51,6,1.0000,1503,E51:6
BGL,bgl#143,bgl#143,"APP FATAL ciod: Error loading <*>: invalid or missing program image, Permission denied",6,1,E26,6,1.0000,1964,E26:6
HealthApp,healthapp#53,healthapp#53,getTodaySportData mStepsRecordManager=com.huawei.health.g.c@<*>,6,1,E21,6,1.0000,1284,E21:6
Linux,linux#9,linux#9,cupsd shutdown succeeded,6,1,E37,6,1.0000,144,E37:6
Linux,linux#10,linux#10,cupsd startup succeeded,6,1,E38,6,1.0000,145,E38:6
Mac,mac#8,mac#8,"ARPT: <*>: wl0: wl_update_tcpkeep_seq: Original Seq: <*>, Ack: <*>, Win size: <*>",6,1,E149,6,1.0000,8,E149:6
Mac,mac#36,mac#36,AppleThunderboltNHIType2::waitForOk2Go2Sx - intel_rp = <*> dlla_reporting_supported = <*>,6,1,E54,6,1.0000,64,E54:6
Mac,mac#76,mac#76,QQ(<*>) deny mach-lookup <*>,6,1,E51,6,1.0000,170,E51:6
Mac,mac#103,mac#103,"ARPT: <*>: IOPMPowerSource Information: onSleep, SleepType: Normal Sleep, 'ExternalConnected': No, 'TimeRemaining': <*>,",6,1,E134,6,1.0000,229,E134:6
Mac,mac#176,mac#176,ARPT: <*>: wlc_dump_aggfifo:,6,1,E151,6,1.0000,567,E151:6
Mac,mac#179,mac#179,doSaveChannels@<*>: Will write to: <*>,6,1,E204,6,1.0000,588,E204:6
BGL,bgl#15,bgl#15,KERNEL FATAL machine check: i-fetch......................<*>,5,1,E84,5,1.0000,207,E84:5
BGL,bgl#16,bgl#16,KERNEL FATAL program interrupt: illegal instruction......<*>,5,1,E101,5,1.0000,209,E101:5
BGL,bgl#17,bgl#17,KERNEL FATAL exception syndrome register: <*>,5,1,E61,5,1.0000,232,E61:5
BGL,bgl#29,bgl#29,KERNEL FATAL floating pt ex mode <*> enable......<*>,5,1,E63,5,1.0000,263,E63:5
BGL,bgl#33,bgl#33,KERNEL FATAL data address space................<*>,5,1,E49,5,1.0000,269,E49:5
BGL,bgl#61,bgl#61,NULL DISCOVERY INFO Ido chip status changed: <*> ip=<*> v=<*> t=<*> status=<*> <*>,5,1,E73,5,1.0000,522,E73:5
BGL,bgl#79,bgl#79,NULL DISCOVERY ERROR Node card status: no ALERTs are active. Clock Mode is Low. Clock Select is Midplane. Phy JTAG Reset is asserted. ASIC JTAG Reset is asserted. Temperature Mask is not active. No temperature error. Temperature Limit Error Latch is clear. PGOOD IS NOT ASSERTED. PGOOD ERROR LATCH IS ACTIVE. MPGOOD IS NOT OK. MPGOOD ERROR LATCH IS ACTIVE. The <*> volt rail is OK. The <*> volt rail is OK.,5,1,E92,5,1.0000,1217,E92:5
BGL,bgl#82,bgl#82,KERNEL INFO <*> tree receiver <*> in re-synch state event(s) (dcr <*>) detected,5,2,E13,3,0.6000,1234,E13:3|E14:2
BGL,bgl#101,bgl#101,APP FATAL ciod: LOGIN chdir(<*>) failed: No such file or directory,5,1,E37,5,1.0000,1451,E37:5
BGL,bgl#112,bgl#112,"KERNEL FATAL Error receiving packet on tree network, expecting type <*> instead of type <*> (softheader=<*>) PSR0=<*> PSR1=<*> PRXF=<*> PIXF=<*>",5,1,E60,5,1.0000,1521,E60:5
HDFS,hdfs#12,hdfs#12,BLOCK* ask <*> to delete <*>,5,1,E4,5,1.0000,928,E4:5
HPC,hpc#6,hpc#6,boot_cmd new <*> 1 Targeting domains:<*> and nodes:<*> child of command <*>,5,1,E42,5,1.0000,164,E42:5
HPC,hpc#10,hpc#10,psu <*> <*> psu failure\ ambient=<*>,5,1,E35,5,1.0000,173,E35:5
Hadoop,hadoop#59,hadoop#59,Before Scheduling: PendingReds:<*> ScheduledMaps:<*> ScheduledReds:<*> AssignedMaps:<*> AssignedReds:<*> CompletedMaps:<*> CompletedReds:<*> ContAlloc:<*> ContRel:<*> HostLocal:<*> RackLocal:<*>,5,1,E24,5,1.0000,109,E24:5
HealthApp,healthapp#16,healthapp#16,upLoadOneMinuteDataToEngine time=<*>,5,1,E72,5,1.0000,704,E72:5
HealthApp,healthapp#36,healthapp#36,"startSync hiSyncOption = HiSyncOption{syncAction=<*>, syncMethod=<*>, syncScope=<*>, syncDataType=<*>, syncModel=<*>, pushAction=<*>},app = <*> who = <*>",5,1,E64,5,1.0000,745,E64:5
HealthApp,healthapp#37,healthapp#37,needAutoSync autoSyncSwitch is <*>,5,1,E36,5,1.0000,748,E36:5
HealthApp,healthapp#38,healthapp#38,"initDataPrivacy the dataPrivacy switch is open, start push health data!",5,1,E25,5,1.0000,750,E25:5
HealthApp,healthapp#39,healthapp#39,initDataPrivacy the dataPrivacy is <*>,5,1,E24,5,1.0000,751,E24:5
HealthApp,healthapp#40,healthapp#40,"initUserPrivacy the userPrivacy switch is open, start push user data!",5,1,E28,5,1.0000,752,E28:5
HealthApp,healthapp#41,healthapp#41,initUserPrivacy the userPrivacy is <*>,5,1,E27,5,1.0000,753,E27:5
HealthApp,healthapp#42,healthapp#42,ifCanSync not! no cloud version,5,1,E23,5,1.0000,754,E23:5
HealthApp,healthapp#43,healthapp#43,sendSyncFailedBroadcast,5,1,E54,5,1.0000,755,E54:5
HealthApp,healthapp#50,healthapp#50,"timeStamp back,extendReportTimeStamp=<*>",5,1,E69,5,1.0000,1000,E69:5
Linux,linux#39,linux#39,BIOS-e820: <*> - <*> (<*>),5,2,E20,3,0.6000,1913,E20:3|E21:2
Mac,mac#14,mac#14,"setting hostname to ""<*>""",5,1,E311,5,1.0000,15,E311:5
Mac,mac#63,mac#63,AirPort: Link Down on <*>. Reason <*> (<*>).,5,1,E110,5,1.0000,120,E110:5
Mac,mac#72,mac#72,"RTC: Maintenance <*>, sleep <*>",5,1,E295,5,1.0000,147,E295:5
Mac,mac#74,mac#74,en0: 802.11d country code set to '<*>'.,5,1,E206,5,1.0000,162,E206:5
Mac,mac#87,mac#87,"SecOSStatusWith error:[<*>] Error Domain=<*> Code=<*> ""<*>"" (<*>: error in user parameter list) UserInfo={NSDescription=<*>}",5,1,E303,5,1.0000,190,E303:5
Mac,mac#92,mac#92,[com.apple.calendar.store.log.caldav.coredav] [Refusing to parse response to PROPPATCH because of content-type: [<*>].],5,1,E28,5,1.0000,208,E28:5
Mac,mac#117,mac#117,[<*>] itemasync_SetProperty signalled err=<*> (<*>) (<*>) at <*> line <*>,5,1,E19,5,1.0000,279,E19:5
Mac,mac#136,mac#136,sigio_handler: sigio_handler_active != <*>,5,1,E312,5,1.0000,360,E312:5
Mac,mac#247,mac#247,<<*>>: NC Disabled: NO,5,1,E102,5,1.0000,1215,E102:5
Mac,mac#318,mac#318,-[NETClientConnection evaluateCrazyIvan<*>] CI<*> - Perform CrazyIvan<*>! <*>.<*> tc<*> <*>:<*>,5,1,E43,5,1.0000,1315,E43:5
BGL,bgl#23,bgl#23,KERNEL FATAL machine state register: <*>,4,1,E85,4,1.0000,252,E85:4
BGL,bgl#26,bgl#26,KERNEL FATAL floating point instr. enabled.....<*>,4,1,E62,4,1.0000,257,E62:4
BGL,bgl#36,bgl#36,KERNEL FATAL program interrupt: fp cr field .............<*>,4,1,E99,4,1.0000,277,E99:4
BGL,bgl#56,bgl#56,KERNEL INFO auxiliary processor.........................<*>,4,1,E15,4,1.0000,441,E15:4
BGL,bgl#155,bgl#155,"APP FATAL ciod: Error reading message prefix on CioStream socket to <*>:<*>, Connection reset by peer",4,1,E30,4,1.0000,1779,E30:4
HPC,hpc#31,hpc#31,switch_module error <*> <*> Link error,4,1,E21,4,1.0000,1438,E21:4
Hadoop,hadoop#110,hadoop#110,Diagnostics report from <*>: Error: <*>: No Route to Host from <*> to <*> failed on socket timeout exception: <*>: No route to host: no further information; For more details see: <*>,4,1,E35,4,1.0000,1021,E35:4
HealthApp,healthapp#21,healthapp#21,"saveStatData() type =<*>,time = <*>,statClient = <*>,who is <*>",4,1,E52,4,1.0000,718,E52:4
Linux,linux#25,linux#25,removing device node '<*>',4,1,E89,4,1.0000,901,E89:4
Linux,linux#26,linux#26,creating device node '<*>',4,1,E36,4,1.0000,903,E36:4
Linux,linux#33,linux#33,getpeername (ftpd): Transport endpoint is not connected,4,1,E47,4,1.0000,1826,E47:4
Mac,mac#21,mac#21,"ARPT: <*>: wl0: Roamed or switched channel, reason #<*>, bssid <*>, last RSSI <*>",4,1,E143,4,1.0000,25,E143:4
Mac,mac#37,mac#37,mDNS_RegisterInterface: Frequent transitions for interface <*> (<*>),4,2,E263,3,0.7500,66,E263:3|E262:1
Mac,mac#51,mac#51,"securityd_xpc_dictionary_handler cloudd[<*>] copy_matching Error Domain=<*> Code=<*> ""<*>"" (<*>) UserInfo={<*>=<*>}",4,1,E304,4,1.0000,93,E304:4
Mac,mac#54,mac#54,ARPT: <*>: wl0: MDNS: IPV4 Addr: <*>,4,1,E141,4,1.0000,96,E141:4
Mac,mac#61,mac#61,Captive: CNPluginHandler <*>: Evaluating,4,1,E164,4,1.0000,113,E164:4
Mac,mac#66,mac#66,[<*>:<*>:dns_config_service_posix.cc(<*>)] Failed to read DnsConfig.,4,1,E10,4,1.0000,125,E10:4
Mac,mac#67,mac#67,Saw change in network reachability (isReachable=<*>),4,1,E301,4,1.0000,126,E301:4
Mac,mac#81,mac#81,"pages <*>, wire <*>, act <*>, inact <*>, cleaned <*> spec <*>, zf <*>, throt <*>, compr <*>, xpmapped <*>",4,1,E282,4,1.0000,178,E282:4
Mac,mac#108,mac#108,ARPT: <*>: wl0: setup_keepalive: Local IP: <*>,4,1,E145,4,1.0000,238,E145:4
Mac,mac#109,mac#109,TBT W (<*>): <*> [x],4,1,E314,4,1.0000,248,E314:4
Mac,mac#116,mac#116,[<*>] <<<< IQ-CA >>>> piqca_setUsePreQueue: (<*>) rejecting report of layer being serviced - IQ has not yet begun to update,4,1,E16,4,1.0000,278,E16:4
Mac,mac#123,mac#123,Captive: CNPluginHandler <*>: Inactive,4,1,E165,4,1.0000,300,E165:4
Mac,mac#130,mac#130,<*> : BTLE scanner Powered Off,4,1,E63,4,1.0000,336,E63:4
Mac,mac#156,mac#156,[<*>] itemasync_CopyProperty signalled err=<*> (<*>) (invalidated) at <*> line <*>,4,1,E18,4,1.0000,466,E18:4
Mac,mac#158,mac#158,"NETWORK: no response from server, reachability, <*>, queryRetries, <*>",4,1,E270,4,1.0000,485,E270:4
Mac,mac#178,mac#178,"CCFile::copyFile fileName is <*>, source path:<*>, dest path:<*>",4,1,E174,4,1.0000,543,E174:4
Mac,mac#186,mac#186,ASSERTION FAILED: <*> != ((void *)0) -[DriverServices getDeviceAddress:] line: <*>,4,1,E155,4,1.0000,617,E155:4
Mac,mac#215,mac#215,-[SOAPParser:<*> parser:didStartElement:namespaceURI:qualifiedName:attributes:] Type not found in EWSItemType for ExchangePersonIdGuid (t:ExchangePersonIdGuid),4,1,E47,4,1.0000,870,E47:4
BGL,bgl#4,bgl#4,APP FATAL ciod: failed to read message prefix on control stream (CioStream socket to <*>:<*>,3,1,E33,3,1.0000,9,E33:3
BGL,bgl#19,bgl#19,KERNEL FATAL program interrupt: privileged instruction...<*>,3,1,E103,3,1.0000,246,E103:3
BGL,bgl#21,bgl#21,KERNEL FATAL program interrupt: imprecise exception......<*>,3,1,E102,3,1.0000,249,E102:3
BGL,bgl#24,bgl#24,KERNEL FATAL data store interrupt caused by icbi.........<*>,3,1,E54,3,1.0000,253,E54:3
BGL,bgl#25,bgl#25,"KERNEL FATAL problem state (0=sup,1=usr).......<*>",3,1,E97,3,1.0000,254,E97:3
BGL,bgl#47,bgl#47,KERNEL FATAL disable store gathering..................<*>,3,1,E59,3,1.0000,311,E59:3
BGL,bgl#52,bgl#52,"APP FATAL ciod: Error loading <*>: invalid or missing program image, No such file or directory",3,1,E28,3,1.0000,429,E28:3
BGL,bgl#54,bgl#54,KERNEL INFO data store interrupt caused by dcbf.........<*>,3,1,E53,3,1.0000,438,E53:3
BGL,bgl#74,bgl#74,NULL DISCOVERY INFO New ido chip inserted into the database: <*> ip=<*> v=<*> t=<*>,3,1,E88,3,1.0000,1200,E88:3
BGL,bgl#91,bgl#91,KERNEL INFO ciod: pollControlDescriptors: Detected the debugger <*>.,3,1,E40,3,1.0000,1393,E40:3
BGL,bgl#114,bgl#114,"APP FATAL ciod: Error loading <*>: invalid or missing program image, Permission denied",3,1,E26,3,1.0000,1529,E26:3
Hadoop,hadoop#8,hadoop#8,Registering class <*> for class <*>,3,1,E89,3,1.0000,8,E89:3
Hadoop,hadoop#10,hadoop#10,Registering class <*> for class <*>,3,1,E89,3,1.0000,12,E89:3
Hadoop,hadoop#11,hadoop#11,Default file system [hdfs://<*>:<*>],3,1,E31,3,1.0000,15,E31:3
Hadoop,hadoop#113,hadoop#113,Processing the event EventType: <*>,3,2,E79,2,0.6667,62,E79:2|E78:1
Hadoop,hadoop#89,hadoop#89,Processing the event EventType: CONTAINER_REMOTE_CLEANUP for container <*> taskAttempt <*>,3,1,E77,3,1.0000,800,E77:3
Hadoop,hadoop#90,hadoop#90,KILLING <*>,3,1,E60,3,1.0000,801,E60:3
HealthApp,healthapp#51,healthapp#51,startTimer start <*>,3,1,E65,3,1.0000,1006,E65:3
HealthApp,healthapp#52,healthapp#52,stepSyncOrNot appSynTimes is <*>,3,1,E66,3,1.0000,1008,E66:3
Mac,mac#6,mac#6,mDNS_DeregisterInterface: Frequent transitions for interface <*> (<*>),3,2,E260,2,0.6667,6,E260:2|E261:1
Mac,mac#17,mac#17,[<*>] <<<< CRABS >>>> crabsFlumeHostAvailable: [<*>] Byte flume reports host available again.,3,1,E13,3,1.0000,18,E13:3
Mac,mac#57,mac#57,Captive: [CNInfoNetworkActive:<*>] <*>: SSID '<*>' making interface primary (cache indicates network not captive),3,1,E162,3,1.0000,105,E162:3
Mac,mac#62,mac#62,tcp_connection_destination_perform_socket_connect <*> connectx to <*>:<*>@<*> failed: [<*>] Network is down,3,1,E316,3,1.0000,119,E316:3
Mac,mac#77,mac#77,[HID] [MT] AppleMultitouchDevice::willTerminate entered,3,1,E36,3,1.0000,173,E36:3
Mac,mac#91,mac#91,"device_generate_desktop_screenshot: authw <*>(<*>), shield <*>(<*>)",3,1,E199,3,1.0000,201,E199:3
Mac,mac#110,mac#110,network changed: DNS* Proxy,3,1,E269,3,1.0000,249,E269:3
Mac,mac#122,mac#122,"ARPT: <*>: IOPMPowerSource Information: onWake, SleepType: Normal Sleep, 'ExternalConnected': Yes, 'TimeRemaining': <*>,",3,1,E138,3,1.0000,288,E138:3
Mac,mac#127,mac#127,"device_generate_lock_screen_screenshot: authw <*>(<*>)[<*>, <*>, <*>, <*>] shield <*>(<*>), dev [<*>,<*>]",3,1,E200,3,1.0000,329,E200:3
Mac,mac#128,mac#128,<*> <*>[<*>/<*>] [lvl=<*>] KSHelperReceiveAllData() KSHelperTool read <*> bytes from stdin.,3,1,E92,3,1.0000,331,E92:3
Mac,mac#134,mac#134,Sandbox: QQ(<*>) deny(<*>) mach-lookup <*>,3,1,E299,3,1.0000,342,E299:3
Mac,mac#149,mac#149,"IOPMrootDomain: idle cancel, state <*>",3,1,E250,3,1.0000,431,E250:3
Mac,mac#167,mac#167,<<*>>: DND Enabled: <*>,3,2,E103,2,0.6667,512,E103:2|E104:1
Mac,mac#173,mac#173,"CCLogTap::profileRemoved, Owner: <*>, Name: <*>",3,1,E177,3,1.0000,546,E177:3
Mac,mac#188,mac#188,assertion failed: <*>: com.apple.telemetry + <*> [<*>]: <*>,3,1,E154,3,1.0000,620,E154:3
Mac,mac#195,mac#195,"polled file major <*>, minor <*>, blocksize <*>, pollers <*>",3,1,E292,3,1.0000,633,E292:3
Mac,mac#220,mac#220,"<*> <*>[<*>] [lvl=<*>] -[KSOutOfProcessFetcher(PrivateMethods) helperDidTerminate:] KSOutOfProcessFetcher fetch ended for URL: ""<*>""",3,1,E85,3,1.0000,955,E85:3
Mac,mac#222,mac#222,CGXDisplayDidWakeNotification [<*>]: posting kCGSDisplayDidWake,3,1,E184,3,1.0000,998,E184:3
Mac,mac#223,mac#223,Peripheral manager is not powered on,3,1,E287,3,1.0000,1001,E287:3
Mac,mac#238,mac#238,**** [BroadcomBluetoothHostControllerUSBTransport][start] -- Completed (matched on Device) -- <*> ****,3,1,E5,3,1.0000,1183,E5:3
Mac,mac#244,mac#244,<*> | I | VoipWrapper | DAVEngineImpl.cpp:<*>:Close | close video chat. llFriendUIN = <*>.,3,1,E53,3,1.0000,1202,E53:3
Mac,mac#249,mac#249,network changed: v4(en0+:<*>) v6(en0:<*>) DNS! Proxy SMB,3,1,E267,3,1.0000,1249,E267:3
Mac,mac#258,mac#258,"DB Error: <*> ""no such table: <*>""",3,1,E197,3,1.0000,1276,E197:3
Mac,mac#292,mac#292,[com.apple.calendar.store.log.caldav.queue] [Adding [<*>] to failed operations.],3,1,E31,3,1.0000,1428,E31:3
Mac,mac#294,mac#294,"Service ""<*>"" tried to hijack endpoint ""<*>"" from owner: <*>",3,1,E306,3,1.0000,1476,E306:3
BGL,bgl#6,bgl#6,KERNEL FATAL force load/store alignment...............<*>,2,1,E64,2,1.0000,32,E64:2
BGL,bgl#18,bgl#18,KERNEL FATAL data store interrupt caused by dcbf.........<*>,2,1,E53,2,1.0000,241,E53:2
BGL,bgl#22,bgl#22,KERNEL FATAL store operation.............................<*>,2,1,E116,2,1.0000,250,E116:2
BGL,bgl#28,bgl#28,KERNEL FATAL machine check enable..............<*>,2,1,E83,2,1.0000,261,E83:2
BGL,bgl#32,bgl#32,KERNEL FATAL byte ordering exception.....................<*>,2,1,E16,2,1.0000,267,E16:2
BGL,bgl#35,bgl#35,KERNEL FATAL guaranteed instruction cache block touch.<*>,2,1,E69,2,1.0000,275,E69:2
BGL,bgl#39,bgl#39,KERNEL FATAL icache prefetch threshold................<*>,2,1,E72,2,1.0000,286,E72:2
BGL,bgl#45,bgl#45,KERNEL FATAL debug wait enable.................<*>,2,1,E58,2,1.0000,299,E58:2
BGL,bgl#49,bgl#49,"APP FATAL ciod: Error loading <*>: invalid or missing program image, No such file or directory",2,1,E28,2,1.0000,362,E28:2
BGL,bgl#55,bgl#55,KERNEL INFO data store interrupt caused by icbi.........<*>,2,1,E54,2,1.0000,439,E54:2
BGL,bgl#63,bgl#63,KERNEL INFO ciod: Missing or invalid fields on line <*> of node map file <*>,2,1,E39,2,1.0000,597,E39:2
BGL,bgl#64,bgl#64,KERNEL INFO <*> torus receiver z+ input pipe error(s) (dcr <*>) detected and corrected,2,1,E10,2,1.0000,598,E10:2
BGL,bgl#152,bgl#152,KERNEL FATAL rts panic! - stopping execution,2,1,E108,2,1.0000,823,E108:2
BGL,bgl#88,bgl#88,"KERNEL INFO NFS Mount failed on <*>, slept <*> seconds, retrying (<*>)",2,1,E89,2,1.0000,1371,E89:2
BGL,bgl#96,bgl#96,KERNEL INFO suppressing further interrupts of same type,2,1,E117,2,1.0000,1400,E117:2
BGL,bgl#110,bgl#110,"APP FATAL ciod: Error loading <*>: invalid or missing program image, Exec format error",2,1,E25,2,1.0000,1512,E25:2
BGL,bgl#115,bgl#115,"APP FATAL ciod: Error loading <*>: invalid or missing program image, No such file or directory",2,1,E28,2,1.0000,1530,E28:2
BGL,bgl#116,bgl#116,KERNEL INFO <*> L<*> EDRAM error(s) (dcr <*>) detected and corrected,2,2,E5,1,0.5000,1735,E5:1|E6:1
BGL,bgl#117,bgl#117,"KERNEL INFO critical input interrupt (unit=<*> bit=<*>): warning for torus z+ wire, suppressing further interrupts of same type",2,1,E46,2,1.0000,1751,E46:2
BGL,bgl#118,bgl#118,KERNEL INFO <*> torus sender z- retransmission error(s) (dcr <*>) detected and corrected over <*> seconds,2,1,E11,2,1.0000,1760,E11:2
BGL,bgl#120,bgl#120,KERNEL FATAL Lustre mount FAILED : <*> : block_id : location,2,1,E80,2,1.0000,1768,E80:2
BGL,bgl#154,bgl#154,"APP FATAL ciod: Error reading message prefix on CioStream socket to <*>:<*>, Connection timed out",2,1,E31,2,1.0000,1778,E31:2
HDFS,hdfs#13,hdfs#13,Received block <*> src: /<*>:<*> dest: /<*>:<*> of size <*>,2,1,E12,2,1.0000,1439,E12:2
HPC,hpc#8,hpc#8,boot_cmd new <*> <*> Targeting domains:<*> and nodes:<*>,2,1,E43,2,1.0000,169,E43:2
HPC,hpc#11,hpc#11,switch_module temphigh <*> <*> Temperature (<*>) exceeds warning threshold,2,1,E44,2,1.0000,178,E44:2
HPC,hpc#13,hpc#13,net.niff.down <*> <*> NIFF: node <*> detected a failed network connection on network <*> via interface <*>,2,1,E27,2,1.0000,212,E27:2
HPC,hpc#18,hpc#18,switch_module bcast-error <*> <*> Link in reset,2,1,E24,2,1.0000,311,E24:2
Hadoop,hadoop#23,hadoop#23,Using callQueue class <*>,2,1,E110,2,1.0000,29,E110:2
Hadoop,hadoop#24,hadoop#24,Starting Socket Reader #<*> for port <*>,2,1,E98,2,1.0000,30,E98:2
Hadoop,hadoop#27,hadoop#27,IPC Server Responder: starting,2,1,E51,2,1.0000,33,E51:2
Hadoop,hadoop#28,hadoop#28,IPC Server listener on <*>: starting,2,1,E50,2,1.0000,34,E50:2
Hadoop,hadoop#34,hadoop#34,adding path spec: <*>,2,1,E8,2,1.0000,40,E8:2
Hadoop,hadoop#85,hadoop#85,Received completed container <*>,2,1,E84,2,1.0000,667,E84:2
Hadoop,hadoop#109,hadoop#109,Task: <*> - exited : <*>: No Route to Host from <*>/<*> to <*>:<*> failed on socket timeout exception: <*>: No route to host: no further information; For more details see: <*>,2,1,E101,2,1.0000,1020,E101:2
Hadoop,hadoop#111,hadoop#111,attempt_<*> TaskAttempt Transitioned from RUNNING to FAIL_CONTAINER_CLEANUP,2,1,E18,2,1.0000,1023,E18:2
Hadoop,hadoop#112,hadoop#112,attempt_<*> TaskAttempt Transitioned from FAIL_CONTAINER_CLEANUP to FAIL_TASK_CLEANUP,2,1,E15,2,1.0000,1031,E15:2
Hadoop,hadoop#114,hadoop#114,Task cleanup failed for attempt <*>,2,1,E99,2,1.0000,1034,E99:2
Hadoop,hadoop#115,hadoop#115,<*> TaskAttempt Transitioned from FAIL_TASK_CLEANUP to FAILED,2,1,E16,2,1.0000,1035,E16:2
Hadoop,hadoop#118,hadoop#118,<*> failures on node <*>,2,1,E1,2,1.0000,1041,E1:2
Hadoop,hadoop#119,hadoop#119,Added <*> to list of failed maps,2,1,E2,2,1.0000,1042,E2:2
HealthApp,healthapp#18,healthapp#18,"getAppContext() isAppValid health or wear, packageName = <*>",2,1,E15,2,1.0000,711,E15:2
HealthApp,healthapp#72,healthapp#72,insertHiHealthData() checkAppType <*> <*> = <*>,2,1,E32,2,1.0000,715,E32:2
HealthApp,healthapp#19,healthapp#19,"insertHiHealthData() size = <*>,app = <*>,One Data Type = <*>,packageName = <*>,writeStatType = <*>",2,1,E34,2,1.0000,716,E34:2
HealthApp,healthapp#20,healthapp#20,"saveHealthDetailData() deviceID = <*>,clientID=<*>,id=<*>",2,1,E49,2,1.0000,717,E49:2
HealthApp,healthapp#23,healthapp#23,"saveHealthDetailData() saveOneDetailData fail hiHealthData = <*>,type = <*>",2,1,E50,2,1.0000,722,E50:2
HealthApp,healthapp#24,healthapp#24,"bulkSaveDetailHiHealthData() size = <*>,totalTime = <*>",2,1,E2,2,1.0000,728,E2:2
HealthApp,healthapp#25,healthapp#25,startListenerChange subscribeList = [<*>],2,1,E63,2,1.0000,729,E63:2
HealthApp,healthapp#27,healthapp#27,insertHiHealthData() end totalTime = <*>,2,1,E33,2,1.0000,731,E33:2
HealthApp,healthapp#30,healthapp#30,checkInsertStatus stepSum or calorieSum is enough,2,1,E8,2,1.0000,734,E8:2
HealthApp,healthapp#31,healthapp#31,checkInsertStatus stepStatSum or calorieStatSum is enough,2,1,E7,2,1.0000,738,E7:2
HealthApp,healthapp#32,healthapp#32,"stepSyncOrNot appSynTimes is <*>, statsyncTimes is <*>",2,1,E67,2,1.0000,739,E67:2
HealthApp,healthapp#33,healthapp#33,"startInsertSportSync start auto sync,app is <*>",2,1,E62,2,1.0000,740,E62:2
HealthApp,healthapp#34,healthapp#34,"checkFirstSyncByType no such data in db ,type is <*> deviceCode is <*>",2,1,E6,2,1.0000,742,E6:2
HealthApp,healthapp#35,healthapp#35,"startInsertSportSync first <*> steps sync,do all sync",2,1,E61,2,1.0000,743,E61:2
HealthApp,healthapp#56,healthapp#56,getStepCounterStatus,2,2,E18,1,0.5000,1780,E18:1|E19:1
HealthApp,healthapp#60,healthapp#60,getTodayBasicStandardSteps= <*>##<*>##<*>,2,1,E20,2,1.0000,1786,E20:2
HealthApp,healthapp#62,healthapp#62,getDiffTotalSteps= <*>##0,2,1,E17,2,1.0000,1788,E17:2
Linux,linux#31,linux#31,"ANONYMOUS FTP LOGIN FROM <*>, (<*>)",2,1,E9,2,1.0000,1748,E9:2
Linux,linux#34,linux#34,warning: can't get client address: Connection reset by peer,2,1,E116,2,1.0000,1828,E116:2
Linux,linux#99,linux#99,PCI: Probing PCI hardware,2,2,E79,1,0.5000,1977,E79:1|E80:1
Mac,mac#47,mac#47,"CFPasteboardRef CFPasteboardCreate(CFAllocatorRef, CFStringRef) : failed to create global data",2,1,E183,2,1.0000,85,E183:2
Mac,mac#65,mac#65,CCXPCService::setStreamEventHandler Registered for notification callback.,2,1,E180,2,1.0000,124,E180:2
Mac,mac#97,mac#97,network changed: v4(en0-:<*>) v6(en0:<*>) DNS! Proxy SMB,2,1,E267,2,1.0000,218,E267:2
Mac,mac#98,mac#98,hibernate_page_list_setall found pageCount <*>,2,1,E233,2,1.0000,220,E233:2
Mac,mac#99,mac#99,[HID] [ATC] [Error] AppleDeviceManagementHIDEventService::start Could not make a string from out connection notification key,2,1,E32,2,1.0000,221,E32:2
Mac,mac#105,mac#105,<*> : Discoverable mode changed to <*>,2,1,E67,2,1.0000,235,E67:2
Mac,mac#113,mac#113,"<*> <*>[<*>] [lvl=<*>] -[KSUpdateEngine updateAllExceptProduct:] KSUpdateEngine updating all installed products, except:'<*>'.",2,1,E90,2,1.0000,270,E90:2
Mac,mac#114,mac#114,<*> <*>[<*>] [lvl=<*>] main() ksfetch fetching URL (<NSMutableURLRequest: <*>> { URL: <*> }) to folder:<*>,2,1,E96,2,1.0000,271,E96:2
Mac,mac#125,mac#125,network changed: v4(en0:<*>) v6(en0+:<*>) DNS! Proxy SMB,2,1,E267,2,1.0000,305,E267:2
Mac,mac#131,mac#131,"PBRequester failed with Error Error Domain=NSURLErrorDomain Code=<*> ""<*>"" UserInfo={NSUnderlyingError=<*> {Error Domain=kCFErrorDomainCFNetwork Code=<*> ""<*>"" UserInfo={NSErrorFailingURLStringKey=<*>, NSErrorFailingURLKey=<*>, _kCFStreamErrorCodeKey=<*>, _kCFStreamErrorDomainKey=<*>, NSLocalizedDescription=<*>}}, NSErrorFailingURLStringKey=<*>, NSErrorFailingURLKey=<*>, _kCFStreamErrorDomainKey=<*>, _kCFStreamErrorCodeKey=<*>, NSLocalizedDescription=<*>}",2,1,E285,2,1.0000,338,E285:2
Mac,mac#139,mac#139,Wake reason: ?,2,1,E335,2,1.0000,364,E335:2
Mac,mac#141,mac#141,<*> : BTLE scanning stopped,2,1,E66,2,1.0000,371,E66:2
Mac,mac#144,mac#144,mDNS_DeregisterInterface: Frequent transitions for interface <*> (<*>),2,1,E261,2,1.0000,392,E261:2
Mac,mac#145,mac#145,wake time set <*> s,2,1,E339,2,1.0000,396,E339:2
Mac,mac#147,mac#147,<*> : Purged contact hashes,2,1,E69,2,1.0000,422,E69:2
Mac,mac#148,mac#148,<*> : BTLE scanning started,2,1,E65,2,1.0000,429,E65:2
Mac,mac#150,mac#150,ARPT: <*>: ARPT: Wake Reason: Wake on TCP Timeout,2,1,E132,2,1.0000,441,E132:2
Mac,mac#151,mac#151,"hibernate_alloc_pages act <*>, inact <*>, anon <*>, throt <*>, spec <*>, wire <*>, wireinit <*>",2,1,E227,2,1.0000,447,E227:2
Mac,mac#152,mac#152,hibernate_teardown_pmap_structs done: last_valid_compact_indx <*>,2,1,E242,2,1.0000,448,E242:2
Mac,mac#157,mac#157,"Opened file <*>, size <*>, extents <*>, maxio <*> ssd <*>",2,1,E280,2,1.0000,484,E280:2
Mac,mac#159,mac#159,"Unexpected payload found for message <*>, dataLen <*>",2,1,E327,2,1.0000,488,E327:2
Mac,mac#168,mac#168,<*> : Starting AirDrop server for user <*> on wake,2,1,E72,2,1.0000,516,E72:2
Mac,mac#174,mac#174,"<<<< FigByteStream >>>> FigByteStreamStatsLogOneRead: ByteStream read of <*> bytes @ <*> took <*> sec. to complete, <*> reads >= 0.5 sec.",2,1,E99,2,1.0000,547,E99:2
Mac,mac#175,mac#175,network changed: v6(en0-:<*>) DNS- Proxy-,2,1,E265,2,1.0000,557,E265:2
Mac,mac#177,mac#177,[<*>] <<<< CRABS >>>> crabsFlumeHostUnavailable: [<*>] Byte flume reports host unavailable.,2,1,E14,2,1.0000,579,E14:2
Mac,mac#183,mac#183,hibernate image path: <*>,2,1,E226,2,1.0000,613,E226:2
Mac,mac#184,mac#184,hibernate_flush_memory: buffer_cache_gc freed up <*> wired pages,2,1,E228,2,1.0000,614,E228:2
Mac,mac#185,mac#185,"hibernate_machine_init pagesDone <*> sum2 <*>, time: <*> ms, disk(<*>) <*> Mb/s, comp bytes: <*> time: <*> ms <*> Mb/s, crypt bytes: <*> time: <*> ms <*> Mb/s",2,1,E229,2,1.0000,615,E229:2
Mac,mac#187,mac#187,hibernate_machine_init reading,2,1,E230,2,1.0000,619,E230:2
Mac,mac#190,mac#190,hibernate_setup(<*>) took <*> ms,2,1,E239,2,1.0000,628,E239:2
Mac,mac#191,mac#191,**** [IOBluetoothFamily][ProcessBluetoothTransportShowsUpActionWL] -- calling IOBluetoothFamily's registerService() -- <*> -- <*> -- <*> ****,2,1,E6,2,1.0000,629,E6:2
Mac,mac#194,mac#194,INIT -- Host controller is published,2,1,E246,2,1.0000,632,E246:2
Mac,mac#196,mac#196,BuildActDeviceEntry exit,2,1,E160,2,1.0000,636,E160:2
Mac,mac#200,mac#200,WARNING: hibernate_page_list_setall skipped <*> xpmapped pages,2,1,E340,2,1.0000,659,E340:2
Mac,mac#202,mac#202,[BluetoothHIDDeviceController] EventServiceConnectedCallback,2,1,E23,2,1.0000,662,E23:2
Mac,mac#204,mac#204,BuildActDeviceEntry enter,2,1,E159,2,1.0000,676,E159:2
Mac,mac#217,mac#217,"[Accounts] Current connection, <*> connection from pid <*>, doesn't have account access.",2,1,E21,2,1.0000,946,E21:2
Mac,mac#218,mac#218,"[Accounts] Failed to update account with identifier <*>, error: Error Domain=ABAddressBookErrorDomain Code=<*> ""(null)""",2,1,E22,2,1.0000,947,E22:2
Mac,mac#239,mac#239,"hibernate_newruntime_map time: <*> ms, IOPolledFilePollersOpen(), ml_get_interrupts_enabled <*>",2,1,E232,2,1.0000,1184,E232:2
Mac,mac#250,mac#250,"ARPT: <*>: IOPMPowerSource Information: onWake, SleepType: Normal Sleep, 'ExternalConnected': No, 'TimeRemaining': <*>,",2,1,E137,2,1.0000,1250,E137:2
Mac,mac#251,mac#251,IOHibernatePollerOpen(<*>),2,1,E249,2,1.0000,1253,E249:2
Mac,mac#256,mac#256,"bitmap_size <*>, previewSize <*>, writing <*> pages @ <*>",2,1,E156,2,1.0000,1264,E156:2
Mac,mac#261,mac#261,"setting hostname to ""<*>""",2,1,E311,2,1.0000,1300,E311:2
Mac,mac#264,mac#264,could discard act <*> inact <*> purgeable <*> spec <*> cleaned <*>,2,1,E194,2,1.0000,1327,E194:2
Mac,mac#268,mac#268,AppleActuatorHIDEventDriver: stop,2,1,E118,2,1.0000,1346,E118:2
Mac,mac#269,mac#269,**** [IOBluetoothHostControllerUSBTransport][start] -- completed -- result = TRUE -- <*> ****,2,1,E8,2,1.0000,1347,E8:2
Mac,mac#282,mac#282,Unable to start NetBIOS name service:,2,1,E326,2,1.0000,1394,E326:2
Mac,mac#287,mac#287,ChromeExistion main isUndetectWithCommand = <*>,2,1,E186,2,1.0000,1410,E186:2
Mac,mac#295,mac#295,<*> <*>[<*>] [lvl=<*>] -[KSAgentApp(KeystoneDelegate) updateEngineFinishedWithErrors:] Keystone finished: errors=<*>,2,1,E78,2,1.0000,1487,E78:2
Mac,mac#300,mac#300,"<*> GoogleSoftwareUpdateAgent[<*>/<*>] [lvl=<*>] -[KSOutOfProcessFetcher beginFetchWithDelegate:] KSOutOfProcessFetcher start fetch from URL: ""<*>""",2,1,E84,2,1.0000,1574,E84:2
Mac,mac#301,mac#301,"Page bounds {{<*>, <*>}, {<*>, <*>}}",2,1,E281,2,1.0000,1578,E281:2
Mac,mac#302,mac#302,Failed to connect (<*>) outlet from (<*>) to (<*>): missing setter or instance variable,2,2,E217,1,0.5000,1579,E217:1|E218:1
Mac,mac#309,mac#309,"Unable to simultaneously satisfy constraints: ( ""<*>"", ""<*>"", ""<*>"", ""<*>"", ""<*>"", ""<*>"" ) Will attempt to recover by breaking constraint <*> Set the NSUserDefault NSConstraintBasedLayoutVisualizeMutuallyExclusiveConstraints to YES to have -[NSWindow visualizeConstraints:] automatically called when this happens. And/or, break on objc_exception_throw to catch this in the debugger.",2,1,E325,2,1.0000,1594,E325:2
Mac,mac#313,mac#313,Unrecognized XSSimpleTypeDefinition: OneOff,2,1,E329,2,1.0000,1700,E329:2
Mac,mac#317,mac#317,Session <*> destroyed,2,1,E309,2,1.0000,1716,E309:2
Mac,mac#331,mac#331,efi pagecount <*>,2,1,E205,2,1.0000,1919,E205:2
Mac,mac#336,mac#336,[BluetoothHIDDeviceController]ERROR: Could not find the disconnected object,2,1,E25,2,1.0000,1956,E25:2
BGL,bgl#7,bgl#7,KERNEL INFO ciod: cpu <*> at treeaddr <*> sent unrecognized message <*>,1,1,E19,1,1.0000,69,E19:1
BGL,bgl#11,bgl#11,KERNEL INFO ciod: Message code <*> is not <*> or <*>,1,1,E38,1,1.0000,165,E38:1
BGL,bgl#20,bgl#20,KERNEL FATAL program interrupt: trap instruction.........<*>,1,1,E104,1,1.0000,248,E104:1
BGL,bgl#27,bgl#27,KERNEL FATAL auxiliary processor.........................<*>,1,1,E15,1,1.0000,260,E15:1
BGL,bgl#30,bgl#30,KERNEL FATAL program interrupt: unimplemented operation..<*>,1,1,E105,1,1.0000,264,E105:1
BGL,bgl#31,bgl#31,KERNEL FATAL debug interrupt enable............<*>,1,1,E57,1,1.0000,265,E57:1
BGL,bgl#37,bgl#37,KERNEL FATAL guaranteed data cache block touch........<*>,1,1,E68,1,1.0000,280,E68:1
BGL,bgl#38,bgl#38,KERNEL FATAL icache prefetch depth....................<*>,1,1,E71,1,1.0000,283,E71:1
BGL,bgl#40,bgl#40,KERNEL FATAL wait state enable.................<*>,1,1,E120,1,1.0000,289,E120:1
BGL,bgl#41,bgl#41,KERNEL FATAL critical input interrupt enable...<*>,1,1,E48,1,1.0000,290,E48:1
BGL,bgl#42,bgl#42,KERNEL FATAL special purpose registers:,1,1,E115,1,1.0000,294,E115:1
BGL,bgl#43,bgl#43,KERNEL FATAL lr:<*> cr:<*> xer:<*> ctr:<*>,1,1,E79,1,1.0000,295,E79:1
BGL,bgl#44,bgl#44,KERNEL FATAL rts internal error,1,1,E107,1,1.0000,296,E107:1
BGL,bgl#46,bgl#46,KERNEL FATAL instruction address space.........<*>,1,1,E75,1,1.0000,301,E75:1
BGL,bgl#50,bgl#50,APP FATAL ciod: Error creating node map from file <*>: No child processes,1,1,E23,1,1.0000,363,E23:1
BGL,bgl#51,bgl#51,"APP FATAL ciod: Error loading <*>: invalid or missing program image, No such file or directory",1,1,E28,1,1.0000,372,E28:1
BGL,bgl#57,bgl#57,KERNEL INFO instruction address: <*>,1,1,E76,1,1.0000,450,E76:1
BGL,bgl#58,bgl#58,KERNEL INFO exception syndrome register: <*>,1,1,E61,1,1.0000,451,E61:1
BGL,bgl#60,bgl#60,APP FATAL ciod: Error creating node map from file <*>: Bad file descriptor,1,1,E21,1,1.0000,497,E21:1
BGL,bgl#65,bgl#65,KERNEL INFO ciod: duplicate canonical-rank <*> to logical-rank <*> mapping at line <*> of node map file <*>,1,1,E20,1,1.0000,622,E20:1
BGL,bgl#66,bgl#66,APP FATAL ciod: Error creating node map from file <*>: Block device required,1,1,E22,1,1.0000,623,E22:1
BGL,bgl#67,bgl#67,"APP FATAL ciod: Error loading <*>: invalid or missing program image, No such file or directory",1,1,E28,1,1.0000,822,E28:1
BGL,bgl#70,bgl#70,APP FATAL ciod: Error creating node map from file <*>: Permission denied,1,1,E24,1,1.0000,946,E24:1
BGL,bgl#71,bgl#71,KERNEL INFO ciod: Z coordinate <*> exceeds physical dimension <*> at line <*> of node map file <*>,1,1,E42,1,1.0000,947,E42:1
BGL,bgl#72,bgl#72,"KERNEL FATAL rts: kernel terminated for reason <*>rts: bad message header: invalid cpu, type=<*>, cpu=<*>, index=<*>, total=<*>",1,1,E112,1,1.0000,1030,E112:1
BGL,bgl#75,bgl#75,NULL HARDWARE SEVERE NodeCard is not fully functional,1,1,E94,1,1.0000,1202,E94:1
BGL,bgl#76,bgl#76,"NULL DISCOVERY ERROR Node card status: ALERT <*>, ALERT <*>, ALERT <*>, ALERT <*> is (are) active. Clock Mode is <*>. Clock Select is <*>. Phy JTAG Reset is <*>. ASIC JTAG Reset is not <*>. Temperature Mask is not <*>. No temperature error. Temperature Limit Error Latch is <*>. PGOOD is <*>. PGOOD error latch is <*>. MPGOOD is <*>. MPGOOD error latch is <*>. The 2.5 volt rail is <*>. The 1.5 volt rail is <*>.",1,1,E91,1,1.0000,1203,E91:1
BGL,bgl#80,bgl#80,"NULL HARDWARE WARNING PrepareForService shutting down NodeCard(mLctn(<*>), mCardSernum(<*>), mLp(<*>), mIp(<*>), mType(<*>)) as part of Service Action <*>",1,1,E96,1,1.0000,1224,E96:1
BGL,bgl#81,bgl#81,KERNEL FATAL rts tree/torus link training failed: wanted: B C X+ X- Y+ Y- Z+ Z- got: B C X- Y- Z+ Z-,1,1,E109,1,1.0000,1232,E109:1
BGL,bgl#90,bgl#90,KERNEL INFO <*> torus receiver x+ input pipe error(s) (dcr <*>) detected and corrected,1,1,E8,1,1.0000,1385,E8:1
BGL,bgl#92,bgl#92,"KERNEL INFO ciod: In packet from node <*> (R62-M1-Nf-C:J03-U11), message code <*> is not 3 or 4294967295 (softheader=<*>)",1,1,E35,1,1.0000,1394,E35:1
BGL,bgl#93,bgl#93,KERNEL INFO <*> torus receiver y+ input pipe error(s) (dcr <*>) detected and corrected,1,1,E9,1,1.0000,1395,E9:1
BGL,bgl#100,bgl#100,KERNEL FATAL rts: bad message header: expecting type <*> instead of type <*> (softheader=<*>) PSR0=<*> PSR1=<*> PRXF=<*> PIXF=<*>,1,1,E110,1,1.0000,1448,E110:1
BGL,bgl#103,bgl#103,KERNEL INFO critical input interrupt (unit=<*> bit=<*>): warning for torus y+ wire,1,1,E44,1,1.0000,1469,E44:1
BGL,bgl#109,bgl#109,KERNEL INFO shutdown complete,1,1,E113,1,1.0000,1511,E113:1
BGL,bgl#111,bgl#111,KERNEL INFO critical input interrupt (unit=<*> bit=<*>): warning for torus z- wire,1,1,E45,1,1.0000,1518,E45:1
BGL,bgl#113,bgl#113,"APP FATAL ciod: Error loading <*>: invalid or missing program image, Permission denied",1,1,E26,1,1.0000,1524,E26:1
BGL,bgl#128,bgl#128,KERNEL FATAL dbcr0=<*> dbsr=<*> ccr0=<*>,1,1,E56,1,1.0000,1787,E56:1
BGL,bgl#133,bgl#133,KERNEL FATAL r24=<*> r25=<*> r26=<*> r27=<*>,1,1,E106,1,1.0000,1796,E106:1
BGL,bgl#137,bgl#137,"NULL HARDWARE WARNING PrepareForService shutting down Node card(mLctn(<*>), mCardSernum(<*>), mLp(<*>), mIp(<*>), mType(<*>)) as part of Service Action <*>",1,1,E95,1,1.0000,1934,E95:1
BGL,bgl#138,bgl#138,KERNEL FATAL minus normalized number..................<*>,1,1,E87,1,1.0000,1946,E87:1
BGL,bgl#139,bgl#139,KERNEL FATAL fraction rounded.........................<*>,1,1,E66,1,1.0000,1948,E66:1
BGL,bgl#140,bgl#140,"KERNEL INFO critical input interrupt (unit=<*> bit=<*>): warning for tree C1 wire, suppressing further interrupts of same type",1,1,E47,1,1.0000,1950,E47:1
BGL,bgl#141,bgl#141,KERNEL FATAL size of scratchpad portion of L3.........<*> (<*>),1,1,E114,1,1.0000,1951,E114:1
BGL,bgl#157,bgl#157,APP FATAL ciod: LOGIN chdir(<*>) failed: Input/output error,1,1,E36,1,1.0000,1973,E36:1
BGL,bgl#149,bgl#149,"APP FATAL ciod: Error loading <*>: program image too big, <*> > <*>",1,1,E27,1,1.0000,1989,E27:1
BGL,bgl#150,bgl#150,KERNEL FATAL fpr29=<*>,1,1,E65,1,1.0000,1990,E65:1
BGL,bgl#151,bgl#151,KERNEL FATAL Machine State Register: <*>,1,1,E86,1,1.0000,1991,E86:1
HDFS,hdfs#11,hdfs#11,<*>:<*> Starting thread to transfer block <*> to <*>:<*>,1,1,E2,1,1.0000,912,E2:1
HDFS,hdfs#14,hdfs#14,BLOCK* ask <*>:<*> to replicate <*> to datanode(s) <*>:<*>,1,1,E5,1,1.0000,1765,E5:1
HPC,hpc#1,hpc#1,state_change.unavailable <*> <*> Component State Change: Component \042<*>\042 is in the unavailable state (HWID=<*>),1,1,E13,1,1.0000,1,E13:1
HPC,hpc#7,hpc#7,shutdown_cmd new <*> <*>,1,1,E43,1,1.0000,166,E43:1
HPC,hpc#9,hpc#9,boot_cmd new <*> <*> Targeting domains:node-D[<*>] and nodes:node-[<*>],1,1,E43,1,1.0000,170,E43:1
HPC,hpc#14,hpc#14,fdmn.panic <*> <*> ServerFileSystem: An ServerFileSystem domain panic has occurred on <*>,1,1,E39,1,1.0000,214,E39:1
HPC,hpc#16,hpc#16,switch_module control <*> <*> power/control problem,1,1,E34,1,1.0000,306,E34:1
HPC,hpc#34,hpc#34,error <*> <*> risBoot (command <*>) Error: Timed out while waiting for SRM prompt: <ABORT code completed>,1,1,E37,1,1.0000,1459,E37:1
HPC,hpc#35,hpc#35,error <*> <*> boot (command <*>) Error: HALT asserted\ cannot continue,1,1,E5,1,1.0000,1542,E5:1
HPC,hpc#36,hpc#36,boot_cmd error <*> <*> Failed subcommands <*>,1,1,E16,1,1.0000,1841,E16:1
Hadoop,hadoop#1,hadoop#1,Created MRAppMaster for application <*>,1,1,E29,1,1.0000,1,E29:1
Hadoop,hadoop#2,hadoop#2,Executing with tokens:,1,1,E42,1,1.0000,2,E42:1
Hadoop,hadoop#3,hadoop#3,"Kind: YARN_AM_RM_TOKEN, Service: <*>, Ident: (appAttemptId { application_id { id: <*> cluster_timestamp: <*> } attemptId: <*> } keyId: <*>)",1,1,E61,1,1.0000,3,E61:1
Hadoop,hadoop#4,hadoop#4,Using mapred <*>.,1,1,E111,1,1.0000,4,E111:1
Hadoop,hadoop#5,hadoop#5,OutputCommitter set in config <*>,1,1,E76,1,1.0000,5,E76:1
Hadoop,hadoop#6,hadoop#6,OutputCommitter is <*>,1,1,E75,1,1.0000,6,E75:1
Hadoop,hadoop#7,hadoop#7,Registering class <*> for class <*>,1,1,E89,1,1.0000,7,E89:1
Hadoop,hadoop#9,hadoop#9,Registering class <*> for class <*>,1,1,E89,1,1.0000,11,E89:1
Hadoop,hadoop#12,hadoop#12,Emitting job history data to the timeline server is not enabled,1,1,E37,1,1.0000,18,E37:1
Hadoop,hadoop#13,hadoop#13,Registering class <*> for class <*>,1,1,E89,1,1.0000,19,E89:1
Hadoop,hadoop#14,hadoop#14,loaded properties from <*>,1,1,E63,1,1.0000,20,E63:1
Hadoop,hadoop#15,hadoop#15,Scheduled snapshot period at <*> second(s).,1,1,E92,1,1.0000,21,E92:1
Hadoop,hadoop#16,hadoop#16,MRAppMaster metrics system started,1,1,E69,1,1.0000,22,E69:1
Hadoop,hadoop#17,hadoop#17,Adding job token for <*> to jobTokenSecretManager,1,1,E7,1,1.0000,23,E7:1
Hadoop,hadoop#18,hadoop#18,Not uberizing <*> because: not enabled; too many maps; too much input;,1,1,E71,1,1.0000,24,E71:1
Hadoop,hadoop#19,hadoop#19,Input size for job <*> = <*>. Number of splits = <*>,1,1,E48,1,1.0000,25,E48:1
Hadoop,hadoop#20,hadoop#20,Number of reduces for job <*> = <*>,1,1,E73,1,1.0000,26,E73:1
Hadoop,hadoop#21,hadoop#21,job_<*>Job Transitioned from NEW to INITED,1,1,E55,1,1.0000,27,E55:1
Hadoop,hadoop#22,hadoop#22,"MRAppMaster launching normal, non-uberized, multi-container job <*>.",1,1,E68,1,1.0000,28,E68:1
Hadoop,hadoop#25,hadoop#25,Adding protocol <*> to the server,1,1,E9,1,1.0000,31,E9:1
Hadoop,hadoop#26,hadoop#26,Instantiated MRClientService at <*>/<*>:<*>,1,1,E49,1,1.0000,32,E49:1
Hadoop,hadoop#29,hadoop#29,Logging to org.slf4j.impl.Log4jLoggerAdapter(<*>) via org.mortbay.log.Slf4jLog,1,1,E64,1,1.0000,35,E64:1
Hadoop,hadoop#30,hadoop#30,Http request log for http.requests.mapreduce is not defined,1,1,E47,1,1.0000,36,E47:1
Hadoop,hadoop#31,hadoop#31,Added global filter '<*>' (class=<*>),1,1,E5,1,1.0000,37,E5:1
Hadoop,hadoop#32,hadoop#32,Added filter AM_PROXY_FILTER (class=<*>) to context mapreduce,1,1,E3,1,1.0000,38,E3:1
Hadoop,hadoop#33,hadoop#33,Added filter <*> (class=<*>) to context static,1,1,E4,1,1.0000,39,E4:1
Hadoop,hadoop#35,hadoop#35,Jetty bound to port <*>,1,1,E52,1,1.0000,42,E52:1
Hadoop,hadoop#36,hadoop#36,jetty-6.1.26,1,1,E53,1,1.0000,43,E53:1
Hadoop,hadoop#37,hadoop#37,Extract jar:<*> to <*>,1,1,E43,1,1.0000,44,E43:1
Hadoop,hadoop#38,hadoop#38,Started HttpServer2$SelectChannelConnectorWithSafeStartup@<*>:<*>,1,1,E97,1,1.0000,45,E97:1
Hadoop,hadoop#39,hadoop#39,Web app /mapreduce started at <*>,1,1,E113,1,1.0000,46,E113:1
Hadoop,hadoop#40,hadoop#40,Registered webapp guice modules,1,1,E88,1,1.0000,47,E88:1
Hadoop,hadoop#41,hadoop#41,JOB_CREATE <*>,1,1,E57,1,1.0000,49,E57:1
Hadoop,hadoop#42,hadoop#42,nodeBlacklistingEnabled:<*>,1,1,E70,1,1.0000,50,E70:1
Hadoop,hadoop#43,hadoop#43,maxTaskFailuresPerNode is <*>,1,1,E67,1,1.0000,51,E67:1
Hadoop,hadoop#44,hadoop#44,blacklistDisablePercent is <*>,1,1,E25,1,1.0000,52,E25:1
Hadoop,hadoop#45,hadoop#45,Connecting to ResourceManager at <*>/<*>:<*>,1,1,E27,1,1.0000,56,E27:1
Hadoop,hadoop#46,hadoop#46,"maxContainerCapability: <memory:<*>, vCores:<*>>",1,1,E66,1,1.0000,57,E66:1
Hadoop,hadoop#47,hadoop#47,queue: <*>,1,1,E82,1,1.0000,58,E82:1
Hadoop,hadoop#48,hadoop#48,Upper limit on the thread pool size is <*>,1,1,E109,1,1.0000,59,E109:1
Hadoop,hadoop#49,hadoop#49,yarn.client.max-cached-nodemanagers-proxies : <*>,1,1,E114,1,1.0000,60,E114:1
Hadoop,hadoop#50,hadoop#50,<*>Job Transitioned from INITED to SETUP,1,1,E54,1,1.0000,61,E54:1
Hadoop,hadoop#52,hadoop#52,<*>Job Transitioned from SETUP to RUNNING,1,1,E56,1,1.0000,63,E56:1
Hadoop,hadoop#56,hadoop#56,"mapResourceRequest:<<*>, vCores:<*>>",1,1,E65,1,1.0000,106,E65:1
Hadoop,hadoop#57,hadoop#57,"Event Writer setup for JobId: <*>, File: <*>",1,1,E41,1,1.0000,107,E41:1
Hadoop,hadoop#58,hadoop#58,"reduceResourceRequest:<<*>, vCores:<*>>",1,1,E87,1,1.0000,108,E87:1
Hadoop,hadoop#66,hadoop#66,The job-jar file on the remote FS is <*>,1,1,E107,1,1.0000,122,E107:1
Hadoop,hadoop#67,hadoop#67,The job-conf file on the remote FS is <*>,1,1,E106,1,1.0000,123,E106:1
Hadoop,hadoop#68,hadoop#68,Adding <*> tokens and <*> secret keys for NM use for launching container,1,1,E6,1,1.0000,124,E6:1
Hadoop,hadoop#69,hadoop#69,Size of containertokens_dob is <*>,1,1,E95,1,1.0000,125,E95:1
Hadoop,hadoop#70,hadoop#70,Putting shuffle token in serviceData,1,1,E81,1,1.0000,126,E81:1
Hadoop,hadoop#84,hadoop#84,"Cannot assign container Container: [<*>, NodeId: <*>, NodeHttpAddress: <*>, Resource: <*>, Priority: <*>, Token: <*>, ] for a map as either container memory less than required <*> or no pending map tasks - maps.isEmpty=true",1,1,E26,1,1.0000,659,E26:1
Hadoop,hadoop#86,hadoop#86,Container complete event for unknown container id <*>,1,1,E28,1,1.0000,668,E28:1
Hadoop,hadoop#87,hadoop#87,Done acknowledgement from <*>,1,1,E36,1,1.0000,798,E36:1
Hadoop,hadoop#88,hadoop#88,<*> TaskAttempt Transitioned from RUNNING to SUCCESS_CONTAINER_CLEANUP,1,1,E19,1,1.0000,799,E19:1
Hadoop,hadoop#91,hadoop#91,attempt_<*> TaskAttempt Transitioned from SUCCESS_CONTAINER_CLEANUP to SUCCEEDED,1,1,E20,1,1.0000,805,E20:1
Hadoop,hadoop#92,hadoop#92,Task succeeded with attempt <*>,1,1,E100,1,1.0000,806,E100:1
Hadoop,hadoop#93,hadoop#93,task_<*> Task Transitioned from RUNNING to SUCCEEDED,1,1,E103,1,1.0000,807,E103:1
Hadoop,hadoop#94,hadoop#94,Num completed Tasks: <*>,1,1,E72,1,1.0000,808,E72:1
Hadoop,hadoop#95,hadoop#95,Reduce slow start threshold reached. Scheduling reduces.,1,1,E86,1,1.0000,811,E86:1
Hadoop,hadoop#96,hadoop#96,All maps assigned. Ramping up all remaining reduces:<*>,1,1,E12,1,1.0000,812,E12:1
Hadoop,hadoop#97,hadoop#97,DefaultSpeculator.addSpeculativeAttempt -- we are speculating <*>,1,1,E32,1,1.0000,817,E32:1
Hadoop,hadoop#98,hadoop#98,We launched <*> speculations. Sleeping <*> milliseconds.,1,1,E112,1,1.0000,818,E112:1
Hadoop,hadoop#99,hadoop#99,Scheduling a redundant attempt for task <*>,1,1,E93,1,1.0000,819,E93:1
Hadoop,hadoop#100,hadoop#100,Diagnostics report from <*>: Container killed by the ApplicationMaster.,1,1,E34,1,1.0000,828,E34:1
Hadoop,hadoop#103,hadoop#103,"Slow ReadProcessor read fields took <*>ms (threshold=<*>ms); ack: seqno: <*> status: SUCCESS status: ERROR downstreamAckTimeNanos: <*>, targets: [<*>, <*>]",1,1,E96,1,1.0000,908,E96:1
Hadoop,hadoop#104,hadoop#104,DFSOutputStream ResponseProcessor exception for block <*>:<*>,1,1,E33,1,1.0000,909,E33:1
Hadoop,hadoop#105,hadoop#105,"Error Recovery for block <*>:<*> in pipeline <*>:<*>, <*>:<*>: bad datanode <*>:<*>",1,1,E39,1,1.0000,910,E39:1
Hadoop,hadoop#106,hadoop#106,DataStreamer Exception,1,1,E30,1,1.0000,912,E30:1
Hadoop,hadoop#116,hadoop#116,Error writing History Event: org.apache.hadoop.mapreduce.jobhistory.TaskAttemptUnsuccessfulCompletionEvent@<*>,1,1,E40,1,1.0000,1039,E40:1
Hadoop,hadoop#117,hadoop#117,"Thread Thread[<*>,<*>,<*>] threw an Exception.",1,1,E108,1,1.0000,1040,E108:1
HealthApp,healthapp#11,healthapp#11,isScreenOn <*>,1,1,E35,1,1.0000,72,E35:1
HealthApp,healthapp#12,healthapp#12,"screen status unknown,think screen <*>",1,1,E53,1,1.0000,73,E53:1
HealthApp,healthapp#13,healthapp#13,flushTempCacheToDB by <*>,1,1,E14,1,1.0000,701,E14:1
HealthApp,healthapp#14,healthapp#14,Alarm uploadStaticsToDB totalSteps=<*>Calories:<*>Floor:<*>Distance:<*>,1,1,E1,1,1.0000,702,E1:1
HealthApp,healthapp#15,healthapp#15,writeDataToDB size <*>,1,1,E75,1,1.0000,703,E75:1
HealthApp,healthapp#28,healthapp#28,uploadStaticsToDB() onResult type = <*> obj=<*>,1,1,E74,1,1.0000,732,E74:1
HealthApp,healthapp#29,healthapp#29,uploadStaticsToDB failed message=<*>,1,1,E73,1,1.0000,733,E73:1
HealthApp,healthapp#44,healthapp#44,"saveRealTimeHealthDatasStat() size = <*>,totalTime = <*>",1,1,E51,1,1.0000,770,E51:1
HealthApp,healthapp#45,healthapp#45,InsertCallBack() onSuccess type = <*> data=<*>,1,1,E29,1,1.0000,773,E29:1
HealthApp,healthapp#46,healthapp#46,InsertEvent success begin:<*> end:<*>,1,1,E30,1,1.0000,774,E30:1
HealthApp,healthapp#47,healthapp#47,setWriteDBLastDataMinute=<*>,1,1,E60,1,1.0000,775,E60:1
HealthApp,healthapp#48,healthapp#48,setWriteDBLastDataMinute success,1,1,E59,1,1.0000,776,E59:1
HealthApp,healthapp#49,healthapp#49,flush2DB result <*>,1,1,E13,1,1.0000,777,E13:1
HealthApp,healthapp#54,healthapp#54,theDayChanged <*>,1,1,E68,1,1.0000,1778,E68:1
HealthApp,healthapp#55,healthapp#55,initEnviroument,1,1,E26,1,1.0000,1779,E26:1
HealthApp,healthapp#57,healthapp#57,reStartStepCounter,1,1,E48,1,1.0000,1782,E48:1
HealthApp,healthapp#58,healthapp#58,registersensorsuccess: <*>,1,1,E45,1,1.0000,1784,E45:1
HealthApp,healthapp#59,healthapp#59,clear(),1,1,E9,1,1.0000,1785,E9:1
HealthApp,healthapp#61,healthapp#61,tryToRecordAsBasicStepData bWrite <*>,1,1,E70,1,1.0000,1787,E70:1
HealthApp,healthapp#63,healthapp#63,setBasicStandardSteps basicStandardStep=<*> restartSteps=<*>,1,1,E55,1,1.0000,1789,E55:1
HealthApp,healthapp#64,healthapp#64,setDiffTotalSteps=<*>,1,1,E56,1,1.0000,1790,E56:1
HealthApp,healthapp#65,healthapp#65,tryToReloadTodayBasicSteps<*>|<*>|<*>|<*>,1,1,E71,1,1.0000,1794,E71:1
HealthApp,healthapp#66,healthapp#66,reload : <*> restar <*>,1,1,E46,1,1.0000,1795,E46:1
HealthApp,healthapp#67,healthapp#67,next day:steps<*>mLastReport<*>,1,1,E38,1,1.0000,1801,E38:1
HealthApp,healthapp#68,healthapp#68,setGoalNotifiShownRecord <*> <*>,1,1,E57,1,1.0000,1802,E57:1
HealthApp,healthapp#69,healthapp#69,closeNotification...,1,1,E10,1,1.0000,1803,E10:1
HealthApp,healthapp#71,healthapp#71,"checkCurrentDay a new day comes , reset basicSyncCondition, currentDay is <*> oldDay is <*>",1,1,E5,1,1.0000,1975,E5:1
Linux,linux#22,linux#22,imps2: Auto-detected <*> PS/2,1,1,E51,1,1.0000,897,E51:1
Linux,linux#23,linux#23,session opened for user root by LOGIN(uid=<*>),1,1,E103,1,1.0000,898,E103:1
Linux,linux#24,linux#24,ROOT LOGIN ON <*>,1,1,E91,1,1.0000,899,E91:1
Linux,linux#29,linux#29,Couldn't authenticate user,1,1,E31,1,1.0000,1243,E31:1
Linux,linux#35,linux#35,syslogd startup succeeded,1,1,E106,1,1.0000,1909,E106:1
Linux,linux#36,linux#36,"klogd <*>, log source = <*> started.",1,1,E64,1,1.0000,1910,E64:1
Linux,linux#37,linux#37,Linux version <*> (<*>) (gcc version <*>) #<*> <*> <*> <*> <*> <*> <*>,1,1,E68,1,1.0000,1911,E68:1
Linux,linux#38,linux#38,BIOS-provided physical RAM map:,1,1,E22,1,1.0000,1912,E22:1
Linux,linux#40,linux#40,<*>MB HIGHMEM available.,1,1,E2,1,1.0000,1918,E2:1
Linux,linux#41,linux#41,<*> LOWMEM available.,1,1,E3,1,1.0000,1919,E3:1
Linux,linux#42,linux#42,zapping low mappings.,1,1,E118,1,1.0000,1920,E118:1
Linux,linux#43,linux#43,klogd startup succeeded,1,1,E65,1,1.0000,1921,E65:1
Linux,linux#44,linux#44,On node <*> totalpages: <*>,1,1,E76,1,1.0000,1922,E76:1
Linux,linux#45,linux#45,"DMA zone: <*> pages, LIFO batch:<*>",1,1,E41,1,1.0000,1923,E41:1
Linux,linux#46,linux#46,"Normal zone: <*> pages, LIFO batch:<*>",1,1,E74,1,1.0000,1924,E74:1
Linux,linux#47,linux#47,irqbalance startup succeeded,1,1,E58,1,1.0000,1925,E58:1
Linux,linux#48,linux#48,"HighMem zone: <*> pages, LIFO batch:<*>",1,1,E50,1,1.0000,1926,E50:1
Linux,linux#49,linux#49,DMI <*> present.,1,1,E42,1,1.0000,1927,E42:1
Linux,linux#50,linux#50,ACPI disabled because your bios is from <*> and too old,1,1,E4,1,1.0000,1928,E4:1
Linux,linux#51,linux#51,You can enable it with acpi=<*>,1,1,E117,1,1.0000,1929,E117:1
Linux,linux#52,linux#52,Built <*> zonelists,1,1,E24,1,1.0000,1930,E24:1
Linux,linux#53,linux#53,Kernel command line: ro root=LABEL=<*> rhgb quiet,1,1,E62,1,1.0000,1931,E62:1
Linux,linux#54,linux#54,mapped <*>/<*> trampoline to <*>.,1,1,E69,1,1.0000,1932,E69:1
Linux,linux#55,linux#55,Initializing CPU#<*>,1,1,E52,1,1.0000,1933,E52:1
Linux,linux#56,linux#56,"CPU <*> irqstacks, hard=<*> soft=<*>",1,1,E32,1,1.0000,1934,E32:1
Linux,linux#57,linux#57,portmap startup succeeded,1,1,E85,1,1.0000,1935,E85:1
Linux,linux#58,linux#58,PID hash table entries: <*> (order <*>: <*> bytes),1,1,E84,1,1.0000,1936,E84:1
Linux,linux#59,linux#59,Detected <*> MHz processor.,1,1,E40,1,1.0000,1937,E40:1
Linux,linux#60,linux#60,Version <*> Starting,1,1,E114,1,1.0000,1938,E114:1
Linux,linux#61,linux#61,Using tsc for high-res timesource,1,1,E113,1,1.0000,1939,E113:1
Linux,linux#62,linux#62,rpc.statd startup succeeded,1,1,E93,1,1.0000,1940,E93:1
Linux,linux#63,linux#63,Console: colour <*> <*>,1,1,E30,1,1.0000,1941,E30:1
Linux,linux#64,linux#64,"Memory: <*>/<*> available (<*> kernel code, <*> reserved, <*> data, <*> init, <*> highmem)",1,1,E70,1,1.0000,1942,E70:1
Linux,linux#65,linux#65,Calibrating delay loop... <*> BogoMIPS,1,1,E25,1,1.0000,1943,E25:1
Linux,linux#66,linux#66,Security Scaffold <*> initialized,1,1,E96,1,1.0000,1944,E96:1
Linux,linux#67,linux#67,SELinux: Initializing.,1,1,E97,1,1.0000,1945,E97:1
Linux,linux#68,linux#68,SELinux: Starting in permissive mode,1,1,E99,1,1.0000,1946,E99:1
Linux,linux#69,linux#69,"There is already a security framework initialized, register_security failed.",1,1,E107,1,1.0000,1947,E107:1
Linux,linux#70,linux#70,Failure registering capabilities with the kernel,1,1,E46,1,1.0000,1948,E46:1
Linux,linux#71,linux#71,selinux_register_security: Registering secondary module <*>,1,1,E100,1,1.0000,1949,E100:1
Linux,linux#72,linux#72,Capability LSM initialized,1,1,E26,1,1.0000,1950,E26:1
Linux,linux#73,linux#73,rpc.idmapd startup succeeded,1,1,E92,1,1.0000,1951,E92:1
Linux,linux#74,linux#74,"Dentry cache hash table entries: <*> (order: <*>, <*> bytes)",1,1,E39,1,1.0000,1952,E39:1
Linux,linux#75,linux#75,"Inode-cache hash table entries: <*> (order: <*>, <*> bytes)",1,1,E55,1,1.0000,1953,E55:1
Linux,linux#76,linux#76,"Mount-cache hash table entries: <*> (order: <*>, <*> bytes)",1,1,E71,1,1.0000,1954,E71:1
Linux,linux#77,linux#77,"CPU: L1 I cache: <*>, L1 D cache: <*>",1,1,E34,1,1.0000,1955,E34:1
Linux,linux#78,linux#78,CPU: L2 cache: <*>,1,1,E35,1,1.0000,1956,E35:1
Linux,linux#79,linux#79,Intel machine check architecture supported.,1,1,E56,1,1.0000,1957,E56:1
Linux,linux#80,linux#80,Intel machine check reporting enabled on CPU#<*>.,1,1,E57,1,1.0000,1958,E57:1
Linux,linux#81,linux#81,CPU: Intel Pentium III (Coppermine) stepping <*>,1,1,E33,1,1.0000,1959,E33:1
Linux,linux#82,linux#82,Enabling fast FPU save and restore... done.,1,1,E44,1,1.0000,1960,E44:1
Linux,linux#83,linux#83,Enabling unmasked SIMD FPU exception support... done.,1,1,E45,1,1.0000,1961,E45:1
Linux,linux#84,linux#84,Checking '<*>' instruction... OK.,1,1,E28,1,1.0000,1962,E28:1
Linux,linux#85,linux#85,Initializing random number generator: succeeded,1,1,E54,1,1.0000,1963,E54:1
Linux,linux#86,linux#86,POSIX conformance testing by UNIFIX,1,1,E86,1,1.0000,1964,E86:1
Linux,linux#87,linux#87,NET: Registered protocol family <*>,1,1,E73,1,1.0000,1965,E73:1
Linux,linux#88,linux#88,"PCI: PCI BIOS revision <*> entry at <*>, last bus=<*>",1,1,E78,1,1.0000,1966,E78:1
Linux,linux#89,linux#89,PCI: Using configuration type <*>,1,1,E81,1,1.0000,1967,E81:1
Linux,linux#90,linux#90,mtrr: v<*> (<*>),1,1,E72,1,1.0000,1968,E72:1
Linux,linux#91,linux#91,ACPI: Subsystem revision <*>,1,1,E7,1,1.0000,1969,E7:1
Linux,linux#92,linux#92,ACPI: Interpreter disabled.,1,1,E6,1,1.0000,1970,E6:1
Linux,linux#93,linux#93,Linux Plug and Play Support <*> (c) <*>,1,1,E67,1,1.0000,1971,E67:1
Linux,linux#94,linux#94,Starting pcmcia: succeeded,1,1,E105,1,1.0000,1972,E105:1
Linux,linux#95,linux#95,usbcore: registered new driver usbfs,1,1,E111,1,1.0000,1973,E111:1
Linux,linux#96,linux#96,usbcore: registered new driver hub,1,1,E110,1,1.0000,1974,E110:1
Linux,linux#97,linux#97,ACPI: ACPI tables contain no PCI IRQ routing entries,1,1,E5,1,1.0000,1975,E5:1
Linux,linux#98,linux#98,PCI: Invalid ACPI-PCI IRQ routing table,1,1,E77,1,1.0000,1976,E77:1
Linux,linux#100,linux#100,Transparent bridge - <*>,1,1,E109,1,1.0000,1979,E109:1
Linux,linux#101,linux#101,PCI: Using IRQ router <*> [<*>/<*>] at <*>,1,1,E82,1,1.0000,1980,E82:1
Linux,linux#102,linux#102,apm: BIOS version <*> Flags <*> (Driver version <*>),1,1,E10,1,1.0000,1981,E10:1
Linux,linux#103,linux#103,audit: initializing netlink socket (disabled),1,1,E12,1,1.0000,1982,E12:1
Linux,linux#105,linux#105,HCI daemon ver <*> started,1,1,E48,1,1.0000,1984,E48:1
Linux,linux#106,linux#106,hcid startup succeeded,1,1,E49,1,1.0000,1985,E49:1
Linux,linux#107,linux#107,audit(<*>:<*>): initialized,1,1,E11,1,1.0000,1986,E11:1
Linux,linux#109,linux#109,sdpd startup succeeded,1,1,E94,1,1.0000,1988,E94:1
Linux,linux#111,linux#111,"Total HugeTLB memory allocated, <*>",1,1,E108,1,1.0000,1990,E108:1
Linux,linux#113,linux#113,VFS: Disk quotas dquot_<*>,1,1,E115,1,1.0000,1992,E115:1
Linux,linux#114,linux#114,"Dquot-cache hash table entries: <*> (order <*>, <*> bytes)",1,1,E43,1,1.0000,1993,E43:1
Linux,linux#115,linux#115,SELinux: Registering netfilter hooks,1,1,E98,1,1.0000,1994,E98:1
Linux,linux#116,linux#116,Initializing Cryptographic API,1,1,E53,1,1.0000,1995,E53:1
Linux,linux#117,linux#117,pci_hotplug: PCI Hot Plug PCI Core version: <*>,1,1,E83,1,1.0000,1996,E83:1
Linux,linux#118,linux#118,isapnp: Scanning for PnP cards...,1,1,E60,1,1.0000,1997,E60:1
Linux,linux#119,linux#119,isapnp: No Plug & Play device found,1,1,E59,1,1.0000,1998,E59:1
Linux,linux#120,linux#120,Real Time Clock Driver <*>,1,1,E87,1,1.0000,1999,E87:1
Linux,linux#121,linux#121,Linux agpgart interface <*> (c) Dave Jones,1,1,E66,1,1.0000,2000,E66:1
Mac,mac#25,mac#25,"network_reachability_changed : network is not reachable, <*> is shutting down",1,1,E272,1,1.0000,32,E272:1
Mac,mac#50,mac#50,<*> : <*>,1,1,E62,1,1.0000,92,E62:1
Mac,mac#60,mac#60,<*> : Finished generating hashes,1,1,E68,1,1.0000,112,E68:1
Mac,mac#78,mac#78,[BluetoothHIDDeviceController] EventServiceDisconnectedCallback,1,1,E24,1,1.0000,174,E24:1
Mac,mac#79,mac#79,PMStats: Hibernate read took <*> ms,1,1,E291,1,1.0000,175,E291:1
Mac,mac#82,mac#82,"VDCAssistant: Found a camera (<*>) , but was not able to start it up (<*> -- (os/kern) successful)",1,1,E332,1,1.0000,179,E332:1
Mac,mac#83,mac#83,handle_will_sleep_auth_and_shield_windows: Reordering authw <*>(<*>) (lock state: <*>),1,1,E224,1,1.0000,180,E224:1
Mac,mac#89,mac#89,WARNING: Type1 font data isn't in the correct format required by the Adobe Type 1 Font Format specification.,1,1,E341,1,1.0000,192,E341:1
Mac,mac#90,mac#90,"com.apple.ical.sync.<*>: scheduler_evaluate_activity told me to run this job; however, but the start time isn't for <*> seconds. Ignoring.",1,1,E189,1,1.0000,200,E189:1
Mac,mac#100,mac#100,[IOBluetoothFamily][staticBluetoothTransportShowsUp] -- Received Bluetooth Controller register service notification -- <*>,1,1,E38,1,1.0000,223,E38:1
Mac,mac#101,mac#101,"<*> <*>[<*>] [lvl=<*>] -[KSAgentApp updateProductWithProductID:usingEngine:] Checking for updates for ""<*>"" using engine <KSUpdateEngine:<*> ticketStore=<KSPersistentTicketStore:<*> store=<KSKeyedPersistentStore:<*> path=""<*>"" lockFile=<KSLockFile:<*> path=""<*>"" locked=NO > >> processor=<KSActionProcessor:<*> delegate=<KSUpdateEngine:<*>> isProcessing=NO actionsCompleted=<*> progress=<*> errors=<*> currentActionErrors=<*> events=<*> currentActionEvents=<*> actionQueue=( ) > delegate=(null) serverInfoStore=<KSServerPrivateInfoStore:<*> path=""<*>""> errors=<*> >",1,1,E77,1,1.0000,227,E77:1
Mac,mac#102,mac#102,<*> | I | VoipWrapper | DAVEngineImpl.cpp:<*>:Close | close video chat. llFriendUIN = <*>.,1,1,E53,1,1.0000,228,E53:1
Mac,mac#112,mac#112,<*> <*>[<*>] [lvl=<*>] -[KSOutOfProcessFetcher(PrivateMethods) launchedHelperTaskForToolPath:error:] KSOutOfProcessFetcher launched '<*>' with process id: <*>,1,1,E86,1,1.0000,269,E86:1
Mac,mac#119,mac#119,host connection <NSXPCConnection: <*>> connection from pid <*> invalidated,1,1,E243,1,1.0000,284,E243:1
Mac,mac#120,mac#120,Error in CoreDragRemoveReceiveHandler: <*>,1,1,E212,1,1.0000,285,E212:1
Mac,mac#126,mac#126,"PBRequester failed with Error Error Domain=NSURLErrorDomain Code=<*> ""The request timed out."" UserInfo={NSUnderlyingError=<*> {Error Domain=kCFErrorDomainCFNetwork Code=<*> ""The request timed out."" UserInfo={NSErrorFailingURLStringKey=<*>, NSErrorFailingURLKey=<*>, _kCFStreamErrorCodeKey=<*>, _kCFStreamErrorDomainKey=<*>, NSLocalizedDescription=The request timed out.}}, NSErrorFailingURLStringKey=<*>, NSErrorFailingURLKey=<*>, _kCFStreamErrorDomainKey=<*>, _kCFStreamErrorCodeKey=<*>, NSLocalizedDescription=The request timed out.}",1,1,E286,1,1.0000,316,E286:1
Mac,mac#138,mac#138,"Configuration Notice: ASL Module ""<*>"" claims selected messages. Those messages may not appear in standard system log files or in the ASL database.",1,1,E190,1,1.0000,362,E190:1
Mac,mac#142,mac#142,wake time set +<*> s,1,1,E339,1,1.0000,373,E339:1
Mac,mac#143,mac#143,[HID] [MT] MTActuatorManagement::getActuatorRef Calling MTActuatorOpen() outside of MTTrackpadHIDManager.,1,1,E37,1,1.0000,376,E37:1
Mac,mac#153,mac#153,enabling pid=<*> for plug-in <*>(<*>) <*> <*>,1,1,E211,1,1.0000,459,E211:1
Mac,mac#154,mac#154,"<*> <*> [lvl=<*>] -[KSAgentApp performSelfUpdateWithEngine:] Checking for self update with Engine: <KSUpdateEngine:<*> ticketStore=<KSPersistentTicketStore:<*> store=<KSKeyedPersistentStore:<*> path=""<*>"" lockFile=<KSLockFile:<*> path=""<*>"" locked=NO > >> processor=<KSActionProcessor:<*> delegate=<KSUpdateEngine:<*>> isProcessing=NO actionsCompleted=<*> progress=<*> errors=<*> currentActionErrors=<*> events=<*> currentActionEvents=<*> actionQueue=( ) > delegate=(null) serverInfoStore=<KSServerPrivateInfoStore:<*> path=""<*>""> errors=<*> >",1,1,E76,1,1.0000,461,E76:1
Mac,mac#155,mac#155,<*> <*>[<*>] [lvl=<*>] -[KSOmahaServer updateInfosForUpdateResponse:updateRequest:infoStore:upToDateTickets:updatedTickets:events:errors:] Response passed CUP validation.,1,1,E82,1,1.0000,462,E82:1
Mac,mac#162,mac#162,Internal name did not resolve to internal address!,1,1,E247,1,1.0000,496,E247:1
Mac,mac#163,mac#163,Service exited with abnormal code: <*>,1,1,E307,1,1.0000,498,E307:1
Mac,mac#164,mac#164,Central manager is not powered on,1,1,E181,1,1.0000,499,E181:1
Mac,mac#170,mac#170,"<<<< FigByteStream >>>> FigByteStreamStatsLogOneRead: ByteStream read of <*> bytes @ <*> took <*> secs. to complete, <*> reads >= 1 sec.",1,1,E99,1,1.0000,530,E99:1
Mac,mac#171,mac#171,network changed: v4(en0:<*>) v6(en0!:<*>) DNS Proxy SMB,1,1,E266,1,1.0000,538,E266:1
Mac,mac#180,mac#180,tcp_connection_destination_perform_socket_connect <*> connectx to <*>:<*>@<*> failed: [<*>] Network is unreachable,1,1,E317,1,1.0000,592,E317:1
Mac,mac#181,mac#181,__<*>-[NETClientConnection evaluateCrazyIvan<*>]_block_invoke CI<*> - Hit by torpedo! NeteaseMusic.<*> tc<*> <*>:<*>,1,1,E49,1,1.0000,605,E49:1
Mac,mac#182,mac#182,"[CardDAVPlugin-ERROR] -getPrincipalInfo:[_controller supportsRequestCompressionAtURL:<*>] Error Domain=NSURLErrorDomain Code=<*> ""The request timed out."" UserInfo={NSUnderlyingError=<*> {Error Domain=kCFErrorDomainCFNetwork Code=<*> ""The request timed out."" UserInfo={NSErrorFailingURLStringKey=<*>, NSErrorFailingURLKey=<*>, _kCFStreamErrorCodeKey=<*>, _kCFStreamErrorDomainKey=<*>, NSLocalizedDescription=The request timed out.}}, NSErrorFailingURLStringKey=<*>, NSErrorFailingURLKey=<*>, _kCFStreamErrorDomainKey=<*>, _kCFStreamErrorCodeKey=<*>, NSLocalizedDescription=The request timed out.}",1,1,E27,1,1.0000,607,E27:1
Mac,mac#192,mac#192,**** [IOBluetoothFamily][ProcessBluetoothTransportShowsUpActionWL] -- Connected to the transport successfully -- <*> -- <*> -- <*> ****,1,1,E7,1,1.0000,630,E7:1
Mac,mac#193,mac#193,hciControllerOnline; HID devices? <*>,1,1,E225,1,1.0000,631,E225:1
Mac,mac#197,mac#197,"ARPT: <*>: IOPMPowerSource Information: onSleep, SleepType: Standby, 'ExternalConnected': No, 'TimeRemaining': <*>,",1,1,E136,1,1.0000,640,E136:1
Mac,mac#198,mac#198,AppleActuatorHIDEventDriver: message service is terminated,1,1,E117,1,1.0000,644,E117:1
Mac,mac#199,mac#199,payload Data <*> <*>,1,1,E284,1,1.0000,652,E284:1
Mac,mac#201,mac#201,"hibernate_teardown: wired_pages <*>, free_pages <*>, active_pages <*>, inactive_pages <*>, speculative_pages <*>, cleaned_pages <*>, compressor_pages <*>",1,1,E241,1,1.0000,660,E241:1
Mac,mac#203,mac#203,hibernate_rebuild_pmap_structs done: last_valid_compact_indx <*>,1,1,E238,1,1.0000,675,E238:1
Mac,mac#205,mac#205,(ImportBailout.Error:<*>) Asked to exit for Diskarb,1,1,E3,1,1.0000,680,E3:1
Mac,mac#208,mac#208,tcp_connection_tls_session_error_callback_imp <*> tcp_connection_tls_session_handle_read_error.<*> error <*>,1,1,E320,1,1.0000,714,E320:1
Mac,mac#210,mac#210,Checking iCDP status for DSID <*> (checkWithServer=<*>),1,1,E185,1,1.0000,722,E185:1
Mac,mac#211,mac#211,network changed: v4(en0-:<*>) v6(en0-:<*>) DNS- Proxy-,1,1,E265,1,1.0000,798,E265:1
Mac,mac#212,mac#212,network changed: DNS*,1,1,E268,1,1.0000,817,E268:1
Mac,mac#213,mac#213,<*> <*>[<*>/<*>] [lvl=<*>] main() ksfetch done fetching.,1,1,E95,1,1.0000,857,E95:1
Mac,mac#214,mac#214,network changed: v4(en0!:<*>) DNS+ Proxy+ SMB,1,1,E264,1,1.0000,868,E264:1
Mac,mac#216,mac#216,extension <*> -> (null),1,1,E215,1,1.0000,924,E215:1
Mac,mac#219,mac#219,Session <*> created,1,1,E308,1,1.0000,951,E308:1
Mac,mac#221,mac#221,kern_open_file_for_direct_io took <*> ms,1,1,E254,1,1.0000,970,E254:1
Mac,mac#225,mac#225,.sdef warning for argument '' of command 'can continue previous list' in suite 'Microsoft Word Suite': '<*>' is not a valid type name.,1,1,E9,1,1.0000,1128,E9:1
Mac,mac#343,mac#343,objc[<*>]: Class TSUAtomicLRUCache is implemented in both <*> and <*>. One of the two will be used. Which one is undefined.,1,1,E278,1,1.0000,1133,E278:1
Mac,mac#227,mac#227,Invalidating watch set.,1,1,E248,1,1.0000,1134,E248:1
Mac,mac#228,mac#228,objc[<*>]: Class TSUCustomFormatData is implemented in both <*> and <*>. One of the two will be used. Which one is undefined.,1,1,E279,1,1.0000,1135,E279:1
Mac,mac#229,mac#229,<*> : Started generating hashes,1,1,E71,1,1.0000,1140,E71:1
Mac,mac#230,mac#230,-_continuousScroll is deprecated for NSScrollWheel. Please use -hasPreciseScrollingDeltas.,1,1,E74,1,1.0000,1151,E74:1
Mac,mac#231,mac#231,-deviceDeltaY is deprecated for NSScrollWheel. Please use -scrollingDeltaY.,1,1,E98,1,1.0000,1152,E98:1
Mac,mac#232,mac#232,[<*>] (Fig) signalled err=<*>,1,1,E11,1,1.0000,1153,E11:1
Mac,mac#233,mac#233,[<*>] <<<< CRABS >>>> crabsWaitForLoad: [<*>] Wait time out - <*> (msRequestTimeout <*>),1,1,E15,1,1.0000,1154,E15:1
Mac,mac#234,mac#234,"Configuration Notice: ASL Module ""<*>"" claims selected messages. Those messages may not appear in standard system log files or in the ASL database.",1,1,E190,1,1.0000,1156,E190:1
Mac,mac#235,mac#235,"PBRequester failed with Error Error Domain=NSURLErrorDomain Code=<*> ""The request timed out."" UserInfo={NSUnderlyingError=<*> {Error Domain=kCFErrorDomainCFNetwork Code=<*> ""The request timed out."" UserInfo={NSErrorFailingURLStringKey=<*>, NSErrorFailingURLKey=<*>, _kCFStreamErrorCodeKey=<*>, _kCFStreamErrorDomainKey=<*>, NSLocalizedDescription=The request timed out.}}, NSErrorFailingURLStringKey=<*>, NSErrorFailingURLKey=<*>, _kCFStreamErrorDomainKey=<*>, _kCFStreamErrorCodeKey=<*>, NSLocalizedDescription=The request timed out.}",1,1,E286,1,1.0000,1157,E286:1
Mac,mac#236,mac#236,Failed to stop a scan - central is not powered on: <*>,1,1,E219,1,1.0000,1161,E219:1
Mac,mac#237,mac#237,Wake reason: <*> (<*>),1,1,E337,1,1.0000,1180,E337:1
Mac,mac#240,mac#240,vm_compressor_fastwake_warmup (<*> - <*>) - starting,1,1,E333,1,1.0000,1186,E333:1
Mac,mac#241,mac#241,"<<*>: <*>>: Updating enabled: <*> (Topics: ( <*>, <*>, <*>, <*>, <*>, <*>, <*>, <*>, <*>, <*>, <*>, <*>, <*>, <*>, <*>, <*> ))",1,1,E107,1,1.0000,1188,E107:1
Mac,mac#242,mac#242,<*> ksfetch[<*>/<*>] [lvl=<*>] main() Fetcher received a request: <NSMutableURLRequest: <*>> { URL: <*> },1,1,E94,1,1.0000,1199,E94:1
Mac,mac#243,mac#243,<*> <*>[<*>] [lvl=<*>] -[KSPrefetchAction performAction] KSPrefetchAction no updates to prefetch.,1,1,E87,1,1.0000,1200,E87:1
Mac,mac#245,mac#245,<<*>: <*>>: notification observer: <*> notification: <*> <*> {name = <*>},1,1,E105,1,1.0000,1205,E105:1
Mac,mac#246,mac#246,CCProfileMonitor::freeResources done,1,1,E178,1,1.0000,1211,E178:1
Mac,mac#248,mac#248,Daemon connection invalidated!,1,1,E196,1,1.0000,1229,E196:1
Mac,mac#252,mac#252,"hibernate_machine_init: state <*>, image pages <*>, sum was <*>, imageSize <*>, image1Size <*>, conflictCount <*>, nextFree <*>",1,1,E231,1,1.0000,1254,E231:1
Mac,mac#253,mac#253,hibernate_rebuild completed - took <*> msecs,1,1,E236,1,1.0000,1258,E236:1
Mac,mac#254,mac#254,AppleActuatorDevice::stop Entered,1,1,E114,1,1.0000,1259,E114:1
Mac,mac#255,mac#255,AppleActuatorDevice::start Entered,1,1,E113,1,1.0000,1260,E113:1
Mac,mac#257,mac#257,en0: manual intervention required!,1,1,E209,1,1.0000,1274,E209:1
Mac,mac#259,mac#259,"<*> <*>[<*>] [lvl=<*>] -[KSOutOfProcessFetcher beginFetchWithDelegate:] KSOutOfProcessFetcher fetching from URL: ""<*>""",1,1,E83,1,1.0000,1277,E83:1
Mac,mac#260,mac#260,<IMMacNotificationCenterManager: <*>>: Updating enabled: <*> (Topics: ( )),1,1,E106,1,1.0000,1290,E106:1
Mac,mac#262,mac#262,"arp_client_transmit(<*>) failed, Network is down (<*>)",1,1,E123,1,1.0000,1311,E123:1
Mac,mac#265,mac#265,"booter start at <*> ms smc <*> ms, [<*>, <*>, <*>] total <*> ms, dsply <*>, <*> ms, tramp <*> ms",1,1,E158,1,1.0000,1328,E158:1
Mac,mac#266,mac#266,"hostControllerOnline - Number of Paired devices = <*>, List of Paired devices = ( ""<*>"" )",1,1,E245,1,1.0000,1329,E245:1
Mac,mac#267,mac#267,**** [BroadcomBluetoothHostController][SetupController] -- Delay HCI Reset by <*>ms ****,1,1,E4,1,1.0000,1344,E4:1
Mac,mac#270,mac#270,AppleActuatorDeviceUserClient::start Entered,1,1,E115,1,1.0000,1348,E115:1
Mac,mac#271,mac#271,<*> <*>[<*>] [lvl=<*>] main() Fetcher is exiting.,1,1,E93,1,1.0000,1354,E93:1
Mac,mac#272,mac#272,"Google Chrome He[<*>] triggered unnest of range <*>-><*> of DYLD shared region in VM map <*>. While not abnormal for debuggers, this increases system memory footprint until the target exits.",1,1,E222,1,1.0000,1359,E222:1
Mac,mac#273,mac#273,hibernate_page_list_setall(preflight <*>) start,1,1,E235,1,1.0000,1377,E235:1
Mac,mac#274,mac#274,hibernate_page_list_setall time: <*> ms,1,1,E234,1,1.0000,1378,E234:1
Mac,mac#275,mac#275,IOPolledFilePollersOpen(<*>) <*> ms,1,1,E251,1,1.0000,1379,E251:1
Mac,mac#276,mac#276,hibernate_teardown completed - discarded <*>,1,1,E240,1,1.0000,1383,E240:1
Mac,mac#277,mac#277,AppleActuatorDeviceUserClient::stop Entered,1,1,E116,1,1.0000,1384,E116:1
Mac,mac#278,mac#278,"Opened file <*>, size <*>, extents <*>, maxio <*> ssd <*>",1,1,E280,1,1.0000,1386,E280:1
Mac,mac#279,mac#279,[IOBluetoothHostController::setConfigState] calling registerService,1,1,E39,1,1.0000,1388,E39:1
Mac,mac#280,mac#280,[HID] [MT] AppleMultitouchDevice::start entered,1,1,E35,1,1.0000,1391,E35:1
Mac,mac#281,mac#281,"[CardDAVPlugin-ERROR] -getPrincipalInfo:[_controller supportsRequestCompressionAtURL:<*>] Error Domain=NSURLErrorDomain Code=<*> ""The Internet connection appears to be offline."" UserInfo={NSUnderlyingError=<*> {Error Domain=kCFErrorDomainCFNetwork Code=<*> ""The Internet connection appears to be offline."" UserInfo={NSErrorFailingURLStringKey=<*>, NSErrorFailingURLKey=<*>, _kCFStreamErrorCodeKey=<*>, _kCFStreamErrorDomainKey=<*>, NSLocalizedDescription=The Internet connection appears to be offline.}}, NSErrorFailingURLStringKey=<*>, NSErrorFailingURLKey=<*>, _kCFStreamErrorDomainKey=<*>, _kCFStreamErrorCodeKey=<*>, NSLocalizedDescription=The Internet connection appears to be offline.}",1,1,E26,1,1.0000,1393,E26:1
Mac,mac#283,mac#283,Got an XPC error: Connection invalid,1,1,E223,1,1.0000,1399,E223:1
Mac,mac#284,mac#284,-[SFLListManager(ServiceReplyProtocol) notifyChanges:toListWithIdentifier:] Notified of item changes to list with identifier <*>,1,1,E46,1,1.0000,1402,E46:1
Mac,mac#285,mac#285,<*> <*>[<*>] [lvl=<*>] -[KSMultiUpdateAction performAction] KSPromptAction had no updates to apply.,1,1,E81,1,1.0000,1405,E81:1
Mac,mac#286,mac#286,no sleep images for WillPowerOffWithImages,1,1,E274,1,1.0000,1406,E274:1
Mac,mac#288,mac#288,after trim url = <*>,1,1,E108,1,1.0000,1411,E108:1
Mac,mac#289,mac#289,"ChromeExistion main strSendMsg = {""websitekey"":<*>,""commandkey"":<*>,""browserkey"":<*>}",1,1,E187,1,1.0000,1413,E187:1
Mac,mac#290,mac#290,url host = <*>,1,1,E330,1,1.0000,1416,E330:1
Mac,mac#291,mac#291,the url = <*>,1,1,E322,1,1.0000,1417,E322:1
Mac,mac#293,mac#293,<*> started,1,1,E237,1,1.0000,1466,E237:1
Mac,mac#296,mac#296,Sandbox: com.apple.WebKit(<*>) deny(<*>) file-read-data <*>,1,1,E297,1,1.0000,1524,E297:1
Mac,mac#297,mac#297,<*> PM [AirPlayUIAgent] BecomingInactive: NSWorkspaceWillSleepNotification,1,1,E97,1,1.0000,1526,E97:1
Mac,mac#298,mac#298,full wake request (reason <*>) <*> ms,1,1,E221,1,1.0000,1532,E221:1
Mac,mac#299,mac#299,kern_open_file_for_direct_io(<*>),1,1,E255,1,1.0000,1539,E255:1
Mac,mac#303,mac#303,[com.apple.calendar.store.log.caldav.queue] [Account <*> timed out when executing operation: <*>],1,1,E29,1,1.0000,1580,E29:1
Mac,mac#304,mac#304,"[com.apple.calendar.store.log.caldav.queue] [Account refresh failed with error: Error Domain=CoreDAVHTTPStatusErrorDomain Code=<*> ""(null)"" UserInfo={AccountName=<*>, CalDAVErrFromRefresh=YES, CoreDAVHTTPHeaders=<CFBasicHash <*> [0x7fff7abc1440]>{type = immutable dict, count = <*>, entries => 0 : Connection = <CFString <*> [0x7fff7abc1440]>{contents = ""keep-alive""} 3 : Content-Type = text/html 4 : Content-Length = <*> 5 : Server = nginx 6 : Date = <CFString <*> [0x7fff7abc1440]>{contents = ""<*>""} } }]",1,1,E30,1,1.0000,1582,E30:1
Mac,mac#305,mac#305,Sandbox: SpotlightNetHelp(<*>) deny(<*>) ipc-posix-shm-read-data CFPBS:<*>:,1,1,E298,1,1.0000,1588,E298:1
Mac,mac#306,mac#306,"no application identifier provided, can't use provisioning profiles [pid=<*>]",1,1,E273,1,1.0000,1591,E273:1
Mac,mac#307,mac#307,tcp_connection_destination_handle_tls_close_notify <*> closing socket due to TLS CLOSE_NOTIFY alert,1,1,E315,1,1.0000,1592,E315:1
Mac,mac#308,mac#308,CFNetwork SSLHandshake failed (<*>),1,1,E182,1,1.0000,1593,E182:1
Mac,mac#310,mac#310,"Configuration Notice: ASL Module ""<*>"" sharing output destination ""<*>"" with ASL Module ""<*>"". Output parameters from ASL Module ""<*>"" override any specified in ASL Module ""<*>"".",1,1,E191,1,1.0000,1596,E191:1
Mac,mac#311,mac#311,(DiskStore.Normal:2382) <*> <*>,1,1,E2,1,1.0000,1604,E2:1
Mac,mac#312,mac#312,"CCDataTap::profileRemoved, Owner: <*>, Name: <*>",1,1,E166,1,1.0000,1665,E166:1
Mac,mac#314,mac#314,DB Path: <*>,1,1,E198,1,1.0000,1701,E198:1
Mac,mac#315,mac#315,Could not get event name for stream/token: <*>: <*>: Request for stale data,1,1,E195,1,1.0000,1702,E195:1
Mac,mac#316,mac#316,Error in CoreDragRemoveTrackingHandler: <*>,1,1,E213,1,1.0000,1708,E213:1
Mac,mac#319,mac#319,"PBRequester failed with Error Error Domain=NSURLErrorDomain Code=<*> ""<*>"" UserInfo={NSUnderlyingError=<*> {Error Domain=kCFErrorDomainCFNetwork Code=<*> ""<*>"" UserInfo={NSErrorFailingURLStringKey=<*>, NSErrorFailingURLKey=<*>, _kCFStreamErrorCodeKey=<*>, _kCFStreamErrorDomainKey=<*>, NSLocalizedDescription=<*>}}, NSErrorFailingURLStringKey=<*>, NSErrorFailingURLKey=<*>, _kCFStreamErrorDomainKey=<*>, _kCFStreamErrorCodeKey=<*>, NSLocalizedDescription=<*>}",1,1,E285,1,1.0000,1815,E285:1
Mac,mac#320,mac#320,Sandbox: QuickLookSatelli(<*>) deny(<*>) mach-lookup <*>,1,1,E299,1,1.0000,1832,E299:1
Mac,mac#321,mac#321,"CoreAnimation: warning, deleted thread with uncommitted CATransaction; set CA_DEBUG_TRANSACTIONS=<*> in environment to log backtraces.",1,1,E193,1,1.0000,1835,E193:1
Mac,mac#322,mac#322,full wake promotion (reason <*>) <*> ms,1,1,E220,1,1.0000,1865,E220:1
Mac,mac#323,mac#323,"NSURLSession/NSURLConnection HTTP load failed (kCFStreamErrorDomainSSL, <*>)",1,1,E275,1,1.0000,1874,E275:1
Mac,mac#324,mac#324,"[QL] No sandbox token for request <*>, it will probably fail",1,1,E45,1,1.0000,1875,E45:1
Mac,mac#325,mac#325,"schedule invalidation <DYTransport <*>, error: lost transport connection (<*>)>",1,1,E302,1,1.0000,1876,E302:1
Mac,mac#326,mac#326,[<*>] mv_LowLevelCheckIfVideoPlayableUsingDecoder signalled err=<*> (<*>) (video codec <*>) at line <*>,1,1,E20,1,1.0000,1885,E20:1
Mac,mac#327,mac#327,<<<< MediaValidator >>>> mv_LookupCodecSupport: Unrecognized codec <*>,1,1,E101,1,1.0000,1886,E101:1
Mac,mac#328,mac#328,<<<< MediaValidator >>>> mv_ValidateRFC4281CodecId: Unrecognized codec <*>.(<*>). Failed codec specific check.,1,1,E100,1,1.0000,1887,E100:1
Mac,mac#329,mac#329,CoreAnimation: timed out fence <*>,1,1,E192,1,1.0000,1888,E192:1
Mac,mac#330,mac#330,<*> ERROR: <*>: timed out after <*>s (<*> <*>); mMajorChangePending=<*>,1,1,E73,1,1.0000,1899,E73:1
Mac,mac#332,mac#332,did discard act <*> inact <*> purgeable <*> spec <*> cleaned <*>,1,1,E201,1,1.0000,1933,E201:1
Mac,mac#333,mac#333,"CCDataTap::profileRemoved, Owner: <*>, Name: <*>",1,1,E166,1,1.0000,1936,E166:1
Mac,mac#334,mac#334,Host controller terminated,1,1,E244,1,1.0000,1945,E244:1
Mac,mac#335,mac#335,[HID] [MT] AppleActuatorHIDEventDriver::start entered,1,1,E34,1,1.0000,1946,E34:1
Mac,mac#337,mac#337,vm_compressor_fastwake_warmup completed - took <*> msecs,1,1,E334,1,1.0000,1973,E334:1
Mac,mac#338,mac#338,"Unable to simultaneously satisfy constraints: ( ""<NSAutoresizingMaskLayoutConstraint:<*> h=-&- v=-&- V:[NSScrollView:<*>]-(11)-| (Names: '|':NSView:<*> )>"", ""<NSAutoresizingMaskLayoutConstraint:<*> h=-&- v=-&- V:|-(45)-[NSScrollView:<*>] (Names: '|':NSView:<*> )>"", ""<NSAutoresizingMaskLayoutConstraint:<*> h=-&- v=--& V:[NSView:<*>(0)]>"", ""<NSAutoresizingMaskLayoutConstraint:<*> h=-&- v=-&- V:|-(0)-[NSView:<*>] (Names: '|':NSView:<*> )>"", ""<NSAutoresizingMaskLayoutConstraint:<*> h=-&- v=-&- V:[NSView:<*>]-(0)-| (Names: '|':NSView:<*> )>"" ) Will attempt to recover by breaking constraint <NSAutoresizingMaskLayoutConstraint:<*> h=-&- v=-&- V:|-(45)-[NSScrollView:<*>] (Names: '|':NSView:<*> )> Set the NSUserDefault NSConstraintBasedLayoutVisualizeMutuallyExclusiveConstraints to YES to have -[NSWindow visualizeConstraints:] automatically called when this happens. And/or, break on objc_exception_throw to catch this in the debugger.",1,1,E324,1,1.0000,1981,E324:1
Mac,mac#339,mac#339,<*> <*>[<*>] [lvl=<*>] -[KSAgentApp(KeystoneThread) runKeystonesInThreadWithArg:] About to run checks for any other apps.,1,1,E79,1,1.0000,1984,E79:1
Mac,mac#340,mac#340,"Arranged view frame: {{<*>, <*>}, {<*>, <*>}}",1,1,E152,1,1.0000,1986,E152:1
Mac,mac#341,mac#341,CCProfileMonitor::setStreamEventHandler,1,1,E179,1,1.0000,1989,E179:1
Mac,mac#342,mac#342,Telling CSI to go low power.,1,1,E321,1,1.0000,1991,E321:1